"Libellé";"Indice CVS-CJO de la production industrielle (base 100 en 2021) - Extraction de pétrole brut (NAF rév. 2, niveau groupe, poste 06.1)";"Codes";"Indice CVS-CJO de la production industrielle (base 100 en 2021) - Extraction de pétrole brut (NAF rév. 2, niveau groupe, poste 06.1)";"Codes";"Indice CVS-CJO de la production industrielle (base 100 en 2021) - Extraction de pétrole brut (NAF rév. 2, niveau groupe, poste 06.1)";"Codes";"Indice CVS-CJO de la production industrielle (base 100 en 2021) - Extraction de pétrole brut (NAF rév. 2, niveau groupe, poste 06.1)";"Codes";"Indice CVS-CJO de la production industrielle (base 100 en 2021) - Extraction de pétrole brut (NAF rév. 2, niveau groupe, poste 06.1)";"Codes";"Indice CVS-CJO de la production industrielle (base 100 en 2021) - Extraction de pétrole brut (NAF rév. 2, niveau groupe, poste 06.1)";"Codes";"Indice CVS-CJO de la production industrielle (base 100 en 2021) - Extraction de pétrole brut (NAF rév. 2, niveau groupe, poste 06.1)";"Codes";"Indice CVS-CJO de la production industrielle (base 100 en 2021) - Extraction de pétrole brut (NAF rév. 2, niveau groupe, poste 06.1)";"Codes";"Indice CVS-CJO de la production industrielle (base 100 en 2021) - Extraction de pétrole brut (NAF rév. 2, niveau groupe, poste 06.1)";"Codes";"Indice CVS-CJO de la production industrielle (base 100 en 2021) - Extraction de pétrole brut (NAF rév. 2, niveau groupe, poste 06.1)";"Codes";"Indice CVS-CJO de la production industrielle (base 100 en 2021) - Extraction de pétrole brut (NAF rév. 2, niveau groupe, poste 06.1)";"Codes";"Indice CVS-CJO de la production industrielle (base 100 en 2021) - Extraction de pétrole brut (NAF rév. 2, niveau groupe, poste 06.1)";"Codes";"Indice CVS-CJO de la production industrielle (base 100 en 2021) - Extraction de pétrole brut (NAF rév. 2, niveau groupe, poste 06.1)";"Codes";"Indice CVS-CJO de la production industrielle (base 100 en 2021) - Extraction de pétrole brut (NAF rév. 2, niveau groupe, poste 06.1)";"Codes"
"idBank";"010767578";"";"010767578";"";"010767578";"";"010767578";"";"010767578";"";"010767578";"";"010767578";"";"010767578";"";"010767578";"";"010767578";"";"010767578";"";"010767578";"";"010767578";"";"010767578";""
"Mises à jour";"04/04/2025 08:45";"";"05/03/2025 08:45";"";"05/02/2025 08:45";"";"10/01/2025 08:45";"";"05/12/2024 08:45";"";"05/11/2024 08:45";"";"04/10/2024 08:45";"";"06/09/2024 08:45";"";"02/08/2024 08:45";"";"05/07/2024 08:45";"";"05/06/2024 08:45";"";"03/05/2024 08:45";"";"05/04/2024 08:45";"";"05/03/2024 08:45";""
"Période";"";"";"";"";"";"";"";"";"";"";"";"";"";"";"";"";"";"";"";"";"";"";"";"";"";"";"";""
"2025-02";"79.51";"A";"";"";"";"";"";"";"";"";"";"";"";"";"";"";"";"";"";"";"";"";"";"";"";"";"";""
"2025-01";"75.78";"A";"75.36";"A";"";"";"";"";"";"";"";"";"";"";"";"";"";"";"";"";"";"";"";"";"";"";"";""
"2024-12";"81.32";"A";"80.91";"A";"81.68";"A";"";"";"";"";"";"";"";"";"";"";"";"";"";"";"";"";"";"";"";"";"";""
"2024-11";"81.2";"A";"80.89";"A";"81.31";"A";"81.3";"A";"";"";"";"";"";"";"";"";"";"";"";"";"";"";"";"";"";"";"";""
"2024-10";"82.66";"A";"82.49";"A";"82.75";"A";"82.74";"A";"82.76";"A";"";"";"";"";"";"";"";"";"";"";"";"";"";"";"";"";"";""
"2024-09";"83.77";"A";"83.72";"A";"83.89";"A";"83.87";"A";"83.88";"A";"84.6";"A";"";"";"";"";"";"";"";"";"";"";"";"";"";"";"";""
"2024-08";"82.3";"A";"82.4";"A";"82.4";"A";"82.43";"A";"82.42";"A";"82.62";"A";"82.36";"A";"";"";"";"";"";"";"";"";"";"";"";"";"";""
"2024-07";"84.74";"A";"84.87";"A";"84.88";"A";"84.87";"A";"84.85";"A";"85.08";"A";"84.82";"A";"85.28";"A";"";"";"";"";"";"";"";"";"";"";"";""
"2024-06";"86.05";"A";"86.1";"A";"85.92";"A";"85.94";"A";"85.92";"A";"86.07";"A";"85.82";"A";"86.11";"A";"86.17";"A";"";"";"";"";"";"";"";"";"";""
"2024-05";"86.2";"A";"86.21";"A";"86.01";"A";"86.04";"A";"86.02";"A";"86.07";"A";"85.88";"A";"86.09";"A";"86.12";"A";"86.39";"A";"";"";"";"";"";"";"";""
"2024-04";"85.06";"A";"85.3";"A";"85.15";"A";"85.19";"A";"85.18";"A";"85.22";"A";"85.1";"A";"85.25";"A";"85.25";"A";"85.37";"A";"84.95";"A";"";"";"";"";"";""
"2024-03";"85.89";"A";"86.36";"A";"86.29";"A";"86.3";"A";"86.3";"A";"85.9";"A";"86.1";"A";"86.07";"A";"86.05";"A";"86.24";"A";"85.81";"A";"86.25";"A";"";"";"";""
"2024-02";"85.96";"A";"86.1";"A";"85.4";"A";"85.45";"A";"85.46";"A";"85.39";"A";"85.3";"A";"85.28";"A";"85.25";"A";"85.29";"A";"85.0";"A";"84.88";"A";"84.5";"A";"";""
"2024-01";"87.72";"A";"87.35";"A";"87.19";"A";"87.06";"A";"87.06";"A";"86.86";"A";"86.88";"A";"86.81";"A";"86.75";"A";"86.76";"A";"86.8";"A";"86.9";"A";"86.52";"A";"86.92";"A"
"2023-12";"89.37";"A";"88.94";"A";"89.38";"A";"89.35";"A";"89.41";"A";"89.3";"A";"89.29";"A";"89.22";"A";"89.18";"A";"89.16";"A";"89.12";"A";"89.28";"A";"89.08";"A";"89.31";"A"
"2023-11";"89.41";"A";"89.16";"A";"89.54";"A";"89.56";"A";"89.55";"A";"89.19";"A";"89.28";"A";"89.29";"A";"89.25";"A";"89.25";"A";"89.29";"A";"89.37";"A";"89.21";"A";"89.34";"A"
"2023-10";"89.22";"A";"89.12";"A";"89.44";"A";"89.43";"A";"89.44";"A";"89.1";"A";"89.41";"A";"89.4";"A";"89.39";"A";"89.36";"A";"89.37";"A";"89.44";"A";"89.38";"A";"89.48";"A"
"2023-09";"89.24";"A";"89.13";"A";"89.18";"A";"89.15";"A";"89.16";"A";"89.81";"A";"90.13";"A";"89.64";"A";"89.66";"A";"89.64";"A";"89.48";"A";"89.55";"A";"89.76";"A";"89.64";"A"
"2023-08";"91.91";"A";"92.0";"A";"91.93";"A";"91.96";"A";"91.94";"A";"92.14";"A";"91.94";"A";"91.48";"A";"91.48";"A";"91.42";"A";"91.45";"A";"91.45";"A";"91.48";"A";"91.5";"A"
"2023-07";"90.84";"A";"90.93";"A";"90.96";"A";"90.96";"A";"90.94";"A";"91.14";"A";"90.9";"A";"91.22";"A";"91.32";"A";"91.07";"A";"91.06";"A";"90.97";"A";"91.01";"A";"91.0";"A"
"2023-06";"90.4";"A";"90.44";"A";"90.22";"A";"90.26";"A";"90.24";"A";"90.41";"A";"90.22";"A";"90.53";"A";"90.58";"A";"90.39";"A";"90.9";"A";"90.76";"A";"90.74";"A";"90.69";"A"
"2023-05";"94.66";"A";"94.71";"A";"94.48";"A";"94.48";"A";"94.47";"A";"94.44";"A";"94.22";"A";"94.41";"A";"94.43";"A";"94.64";"A";"95.07";"A";"94.62";"A";"94.54";"A";"94.55";"A"
"2023-04";"90.5";"A";"90.66";"A";"90.43";"A";"90.45";"A";"90.45";"A";"90.45";"A";"90.31";"A";"90.39";"A";"90.41";"A";"90.5";"A";"90.15";"A";"89.85";"A";"90.07";"A";"90.02";"A"
"2023-03";"84.86";"A";"85.15";"A";"85.11";"A";"85.12";"A";"85.12";"A";"84.7";"A";"84.97";"A";"84.99";"A";"84.97";"A";"85.17";"A";"84.81";"A";"85.23";"A";"85.52";"A";"85.12";"A"
"2023-02";"90.15";"A";"90.39";"A";"89.89";"A";"89.93";"A";"89.94";"A";"89.93";"A";"89.88";"A";"89.9";"A";"89.87";"A";"89.91";"A";"89.79";"A";"89.87";"A";"89.83";"A";"89.61";"A"
"2023-01";"91.12";"A";"90.84";"A";"90.91";"A";"90.79";"A";"90.79";"A";"90.64";"A";"90.66";"A";"90.61";"A";"90.56";"A";"90.57";"A";"90.6";"A";"90.65";"A";"90.3";"A";"90.62";"A"
"2022-12";"88.96";"A";"88.64";"A";"88.87";"A";"88.88";"A";"88.91";"A";"88.8";"A";"88.76";"A";"88.71";"A";"88.68";"A";"88.65";"A";"88.62";"A";"88.71";"A";"88.55";"A";"88.75";"A"
"2022-11";"89.16";"A";"88.99";"A";"89.16";"A";"89.15";"A";"89.15";"A";"88.89";"A";"88.92";"A";"88.86";"A";"88.86";"A";"88.78";"A";"88.74";"A";"88.85";"A";"88.78";"A";"88.96";"A"
"2022-10";"86.75";"A";"86.64";"A";"86.75";"A";"86.74";"A";"86.74";"A";"86.52";"A";"86.68";"A";"86.62";"A";"86.63";"A";"86.57";"A";"86.6";"A";"86.67";"A";"86.64";"A";"86.75";"A"
"2022-09";"84.71";"A";"84.63";"A";"84.65";"A";"84.65";"A";"84.65";"A";"85.16";"A";"85.41";"A";"85.12";"A";"85.13";"A";"85.14";"A";"85.03";"A";"85.04";"A";"85.17";"A";"85.03";"A"
"2022-08";"82.65";"A";"82.74";"A";"82.71";"A";"82.73";"A";"82.72";"A";"82.83";"A";"82.68";"A";"82.42";"A";"82.42";"A";"82.37";"A";"82.37";"A";"82.36";"A";"82.39";"A";"82.41";"A"
"2022-07";"88.75";"A";"88.81";"A";"88.73";"A";"88.72";"A";"88.71";"A";"88.85";"A";"88.67";"A";"88.86";"A";"88.89";"A";"88.76";"A";"88.81";"A";"88.8";"A";"88.87";"A";"88.87";"A"
"2022-06";"96.07";"A";"96.11";"A";"95.84";"A";"95.88";"A";"95.87";"A";"96.0";"A";"95.83";"A";"96.06";"A";"96.1";"A";"95.95";"A";"96.3";"A";"96.18";"A";"96.15";"A";"96.09";"A"
"2022-05";"93.18";"A";"93.22";"A";"93.17";"A";"93.18";"A";"93.17";"A";"93.16";"A";"92.99";"A";"93.12";"A";"93.15";"A";"93.25";"A";"93.53";"A";"93.2";"A";"93.21";"A";"93.27";"A"
"2022-04";"95.32";"A";"95.45";"A";"95.23";"A";"95.24";"A";"95.24";"A";"95.23";"A";"95.09";"A";"95.17";"A";"95.18";"A";"95.25";"A";"95.04";"A";"94.83";"A";"95.02";"A";"94.99";"A"
"2022-03";"98.86";"A";"99.08";"A";"99.24";"A";"99.25";"A";"99.25";"A";"98.74";"A";"99.04";"A";"99.05";"A";"99.04";"A";"99.22";"A";"98.85";"A";"99.19";"A";"99.37";"A";"99.05";"A"
"2022-02";"97.49";"A";"97.63";"A";"97.34";"A";"97.38";"A";"97.38";"A";"97.37";"A";"97.34";"A";"97.36";"A";"97.35";"A";"97.38";"A";"97.29";"A";"97.36";"A";"97.36";"A";"97.23";"A"
"2022-01";"98.07";"A";"97.85";"A";"97.98";"A";"97.83";"A";"97.83";"A";"97.75";"A";"97.8";"A";"97.74";"A";"97.71";"A";"97.71";"A";"97.78";"A";"97.82";"A";"97.58";"A";"97.81";"A"
"2021-12";"98.86";"A";"98.74";"A";"98.74";"A";"98.78";"A";"98.8";"A";"98.83";"A";"98.89";"A";"98.93";"A";"98.9";"A";"98.92";"A";"98.91";"A";"99.02";"A";"98.9";"A";"99.05";"A"
"2021-11";"97.55";"A";"97.51";"A";"97.67";"A";"97.66";"A";"97.68";"A";"97.53";"A";"97.52";"A";"97.49";"A";"97.48";"A";"97.44";"A";"97.41";"A";"97.48";"A";"97.41";"A";"97.52";"A"
"2021-10";"78.95";"A";"78.87";"A";"78.83";"A";"78.82";"A";"78.81";"A";"78.68";"A";"78.74";"A";"78.7";"A";"78.7";"A";"78.68";"A";"78.75";"A";"78.8";"A";"78.76";"A";"78.82";"A"
"2021-09";"100.19";"A";"100.11";"A";"100.06";"A";"100.04";"A";"100.05";"A";"100.51";"A";"100.7";"A";"100.46";"A";"100.47";"A";"100.44";"A";"100.28";"A";"100.28";"A";"100.45";"A";"100.35";"A"
"2021-08";"100.68";"A";"100.75";"A";"100.79";"A";"100.81";"A";"100.8";"A";"100.9";"A";"100.78";"A";"100.62";"A";"100.62";"A";"100.57";"A";"100.57";"A";"100.53";"A";"100.53";"A";"100.51";"A"
"2021-07";"101.88";"A";"101.85";"A";"101.84";"A";"101.85";"A";"101.84";"A";"101.84";"A";"101.71";"A";"101.8";"A";"101.81";"A";"101.76";"A";"101.84";"A";"101.72";"A";"101.64";"A";"101.53";"A"
"2021-06";"103.55";"A";"103.64";"A";"103.47";"A";"103.54";"A";"103.53";"A";"103.63";"A";"103.48";"A";"103.65";"A";"103.67";"A";"103.55";"A";"103.75";"A";"103.64";"A";"103.66";"A";"103.64";"A"
"2021-05";"103.99";"A";"104.06";"A";"104.0";"A";"104.0";"A";"104.0";"A";"104.1";"A";"104.04";"A";"104.16";"A";"104.17";"A";"104.26";"A";"104.5";"A";"104.32";"A";"104.33";"A";"104.32";"A"
"2021-04";"103.3";"A";"103.42";"A";"103.27";"A";"103.29";"A";"103.29";"A";"103.31";"A";"103.24";"A";"103.35";"A";"103.36";"A";"103.43";"A";"103.35";"A";"103.17";"A";"103.26";"A";"103.19";"A"
"2021-03";"101.9";"A";"102.03";"A";"102.28";"A";"102.29";"A";"102.29";"A";"101.85";"A";"102.15";"A";"102.15";"A";"102.14";"A";"102.27";"A";"102.0";"A";"102.31";"A";"102.48";"A";"102.38";"A"
"2021-02";"103.6";"A";"103.67";"A";"103.58";"A";"103.6";"A";"103.6";"A";"103.61";"A";"103.59";"A";"103.61";"A";"103.61";"A";"103.62";"A";"103.59";"A";"103.64";"A";"103.67";"A";"103.65";"A"
"2021-01";"105.55";"A";"105.35";"A";"105.46";"A";"105.32";"A";"105.32";"A";"105.2";"A";"105.16";"A";"105.07";"A";"105.07";"A";"105.04";"A";"105.07";"A";"105.09";"A";"104.92";"A";"105.04";"A"
"2020-12";"103.96";"A";"103.96";"A";"104.0";"A";"104.01";"A";"104.01";"A";"103.93";"A";"103.91";"A";"103.89";"A";"103.89";"A";"103.84";"A";"103.72";"A";"103.71";"A";"103.6";"A";"103.66";"A"
"2020-11";"104.95";"A";"104.93";"A";"104.99";"A";"105.01";"A";"105.01";"A";"105.06";"A";"105.12";"A";"105.08";"A";"105.08";"A";"105.07";"A";"105.09";"A";"105.07";"A";"104.98";"A";"104.98";"A"
"2020-10";"106.98";"A";"106.86";"A";"106.7";"A";"106.7";"A";"106.69";"A";"106.6";"A";"106.58";"A";"106.54";"A";"106.54";"A";"106.53";"A";"106.62";"A";"106.62";"A";"106.53";"A";"106.56";"A"
"2020-09";"107.17";"A";"107.18";"A";"107.2";"A";"107.19";"A";"107.2";"A";"107.45";"A";"107.52";"A";"107.41";"A";"107.41";"A";"107.37";"A";"107.2";"A";"107.2";"A";"107.33";"A";"107.28";"A"
"2020-08";"106.49";"A";"106.52";"A";"106.47";"A";"106.47";"A";"106.47";"A";"106.59";"A";"106.54";"A";"106.47";"A";"106.48";"A";"106.45";"A";"106.46";"A";"106.45";"A";"106.46";"A";"106.43";"A"
"2020-07";"104.96";"A";"104.88";"A";"104.63";"A";"104.62";"A";"104.61";"A";"104.65";"A";"104.64";"A";"104.68";"A";"104.67";"A";"104.67";"A";"104.75";"A";"104.76";"A";"104.77";"A";"104.76";"A"
"2020-06";"97.65";"A";"97.73";"A";"97.7";"A";"97.78";"A";"97.77";"A";"97.86";"A";"97.77";"A";"97.85";"A";"97.87";"A";"97.83";"A";"97.92";"A";"97.81";"A";"97.77";"A";"97.67";"A"
"2020-05";"61.75";"A";"61.73";"A";"61.74";"A";"61.73";"A";"61.73";"A";"61.68";"A";"61.6";"A";"61.57";"A";"61.59";"A";"61.55";"A";"61.56";"A";"61.52";"A";"61.55";"A";"61.57";"A"
"2020-04";"72.28";"A";"72.36";"A";"72.27";"A";"72.26";"A";"72.26";"A";"72.26";"A";"72.23";"A";"72.28";"A";"72.28";"A";"72.28";"A";"72.25";"A";"72.2";"A";"72.24";"A";"72.24";"A"
"2020-03";"108.8";"A";"108.92";"A";"109.24";"A";"109.26";"A";"109.25";"A";"108.97";"A";"109.21";"A";"109.2";"A";"109.19";"A";"109.28";"A";"109.14";"A";"109.29";"A";"109.35";"A";"109.31";"A"
"2020-02";"112.83";"A";"112.6";"A";"112.59";"A";"112.58";"A";"112.58";"A";"112.49";"A";"112.34";"A";"112.29";"A";"112.31";"A";"112.27";"A";"112.08";"A";"111.92";"A";"111.61";"A";"111.29";"A"
"2020-01";"112.32";"A";"112.17";"A";"112.18";"A";"112.11";"A";"112.1";"A";"112.06";"A";"112.06";"A";"112.06";"A";"112.05";"A";"112.08";"A";"112.15";"A";"112.13";"A";"112.02";"A";"112.01";"A"
"2019-12";"113.09";"A";"113.15";"A";"113.36";"A";"113.38";"A";"113.39";"A";"113.41";"A";"113.4";"A";"113.4";"A";"113.4";"A";"113.4";"A";"113.35";"A";"113.31";"A";"113.22";"A";"113.17";"A"
"2019-11";"115.81";"A";"115.73";"A";"115.58";"A";"115.58";"A";"115.58";"A";"115.53";"A";"115.54";"A";"115.45";"A";"115.46";"A";"115.44";"A";"115.44";"A";"115.41";"A";"115.3";"A";"115.26";"A"
"2019-10";"118.69";"A";"118.65";"A";"118.53";"A";"118.53";"A";"118.52";"A";"118.44";"A";"118.44";"A";"118.46";"A";"118.45";"A";"118.44";"A";"118.45";"A";"118.41";"A";"118.31";"A";"118.32";"A"
"2019-09";"115.42";"A";"115.44";"A";"115.48";"A";"115.48";"A";"115.49";"A";"115.73";"A";"115.81";"A";"115.73";"A";"115.73";"A";"115.7";"A";"115.62";"A";"115.61";"A";"115.71";"A";"115.68";"A"
"2019-08";"113.12";"A";"113.05";"A";"112.9";"A";"112.89";"A";"112.89";"A";"112.87";"A";"112.75";"A";"112.67";"A";"112.68";"A";"112.67";"A";"112.68";"A";"112.7";"A";"112.7";"A";"112.69";"A"
"2019-07";"105.64";"A";"105.64";"A";"105.66";"A";"105.66";"A";"105.65";"A";"105.6";"A";"105.57";"A";"105.58";"A";"105.58";"A";"105.54";"A";"105.47";"A";"105.44";"A";"105.44";"A";"105.47";"A"
"2019-06";"97.17";"A";"97.18";"A";"97.07";"A";"97.12";"A";"97.12";"A";"97.14";"A";"97.04";"A";"97.04";"A";"97.06";"A";"97.03";"A";"97.1";"A";"97.05";"A";"97.0";"A";"96.91";"A"
"2019-05";"91.38";"A";"91.33";"A";"91.37";"A";"91.37";"A";"91.37";"A";"91.33";"A";"91.29";"A";"91.3";"A";"91.3";"A";"91.33";"A";"91.4";"A";"91.35";"A";"91.35";"A";"91.31";"A"
"2019-04";"114.91";"A";"115.09";"A";"115.21";"A";"115.22";"A";"115.22";"A";"115.2";"A";"115.18";"A";"115.22";"A";"115.22";"A";"115.22";"A";"115.14";"A";"115.06";"A";"115.1";"A";"115.09";"A"
"2019-03";"116.74";"A";"116.75";"A";"116.8";"A";"116.78";"A";"116.78";"A";"116.6";"A";"116.68";"A";"116.62";"A";"116.62";"A";"116.67";"A";"116.65";"A";"116.79";"A";"116.86";"A";"116.9";"A"
"2019-02";"119.64";"A";"119.68";"A";"119.73";"A";"119.71";"A";"119.71";"A";"119.72";"A";"119.66";"A";"119.77";"A";"119.76";"A";"119.78";"A";"119.85";"A";"119.95";"A";"120.07";"A";"120.23";"A"
"2019-01";"119.55";"A";"119.48";"A";"119.37";"A";"119.35";"A";"119.35";"A";"119.32";"A";"119.32";"A";"119.3";"A";"119.3";"A";"119.29";"A";"119.26";"A";"119.26";"A";"119.22";"A";"119.21";"A"
"2018-12";"117.76";"A";"117.7";"A";"117.58";"A";"117.56";"A";"117.56";"A";"117.61";"A";"117.59";"A";"117.51";"A";"117.52";"A";"117.48";"A";"117.47";"A";"117.53";"A";"117.57";"A";"117.61";"A"
"2018-11";"118.42";"A";"118.37";"A";"118.17";"A";"118.17";"A";"118.17";"A";"118.24";"A";"118.36";"A";"118.33";"A";"118.32";"A";"118.36";"A";"118.41";"A";"118.38";"A";"118.32";"A";"118.26";"A"
"2018-10";"119.77";"A";"119.77";"A";"119.65";"A";"119.65";"A";"119.64";"A";"119.63";"A";"119.64";"A";"119.63";"A";"119.62";"A";"119.59";"A";"119.57";"A";"119.58";"A";"119.58";"A";"119.64";"A"
"2018-09";"118.37";"A";"118.35";"A";"118.37";"A";"118.35";"A";"118.36";"A";"118.33";"A";"118.28";"A";"118.21";"A";"118.23";"A";"118.17";"A";"118.11";"A";"118.11";"A";"118.12";"A";"118.12";"A"
"2018-08";"119.23";"A";"119.17";"A";"119.05";"A";"119.05";"A";"119.05";"A";"119.07";"A";"119.03";"A";"119.04";"A";"119.04";"A";"119.08";"A";"119.11";"A";"119.09";"A";"119.03";"A";"118.95";"A"
"2018-07";"122.03";"A";"122.1";"A";"122.29";"A";"122.31";"A";"122.31";"A";"122.37";"A";"122.43";"A";"122.48";"A";"122.47";"A";"122.49";"A";"122.46";"A";"122.38";"A";"122.31";"A";"122.21";"A"
"2018-06";"121.58";"A";"121.55";"A";"121.38";"A";"121.44";"A";"121.44";"A";"121.45";"A";"121.33";"A";"121.32";"A";"121.34";"A";"121.31";"A";"121.37";"A";"121.36";"A";"121.37";"A";"121.34";"A"
"2018-05";"118.6";"A";"118.51";"A";"118.29";"A";"118.26";"A";"118.26";"A";"118.23";"A";"118.24";"A";"118.2";"A";"118.2";"A";"118.19";"A";"118.25";"A";"118.3";"A";"118.36";"A";"118.41";"A"
"2018-04";"121.27";"A";"121.42";"A";"121.46";"A";"121.46";"A";"121.46";"A";"121.51";"A";"121.54";"A";"121.54";"A";"121.55";"A";"121.56";"A";"121.52";"A";"121.5";"A";"121.54";"A";"121.51";"A"
"2018-03";"120.7";"A";"120.64";"A";"120.59";"A";"120.58";"A";"120.58";"A";"120.49";"A";"120.46";"A";"120.41";"A";"120.42";"A";"120.43";"A";"120.43";"A";"120.45";"A";"120.48";"A";"120.49";"A"
"2018-02";"116.39";"A";"116.44";"A";"116.51";"A";"116.49";"A";"116.49";"A";"116.49";"A";"116.41";"A";"116.55";"A";"116.54";"A";"116.57";"A";"116.67";"A";"116.77";"A";"116.93";"A";"117.12";"A"
"2018-01";"116.75";"A";"116.76";"A";"116.75";"A";"116.73";"A";"116.73";"A";"116.68";"A";"116.67";"A";"116.66";"A";"116.66";"A";"116.64";"A";"116.57";"A";"116.58";"A";"116.56";"A";"116.56";"A"
"2017-12";"118.59";"A";"118.53";"A";"118.41";"A";"118.39";"A";"118.39";"A";"118.34";"A";"118.29";"A";"118.24";"A";"118.24";"A";"118.26";"A";"118.28";"A";"118.32";"A";"118.27";"A";"118.22";"A"
"2017-11";"120.95";"A";"120.94";"A";"120.83";"A";"120.85";"A";"120.85";"A";"120.96";"A";"121.17";"A";"121.17";"A";"121.16";"A";"121.23";"A";"121.28";"A";"121.16";"A";"121.02";"A";"120.87";"A"
"2017-10";"116.62";"A";"116.65";"A";"116.68";"A";"116.69";"A";"116.69";"A";"116.69";"A";"116.72";"A";"116.69";"A";"116.69";"A";"116.69";"A";"116.68";"A";"116.65";"A";"116.6";"A";"116.57";"A"
"2017-09";"116.51";"A";"116.47";"A";"116.41";"A";"116.39";"A";"116.39";"A";"116.32";"A";"116.23";"A";"116.22";"A";"116.22";"A";"116.2";"A";"116.17";"A";"116.2";"A";"116.21";"A";"116.23";"A"
"2017-08";"114.58";"A";"114.53";"A";"114.39";"A";"114.38";"A";"114.38";"A";"114.36";"A";"114.35";"A";"114.33";"A";"114.34";"A";"114.33";"A";"114.31";"A";"114.3";"A";"114.28";"A";"114.27";"A"
"2017-07";"114.1";"A";"114.06";"A";"114.15";"A";"114.15";"A";"114.15";"A";"114.09";"A";"114.05";"A";"113.95";"A";"113.98";"A";"113.91";"A";"113.83";"A";"113.76";"A";"113.74";"A";"113.72";"A"
"2017-06";"117.5";"A";"117.48";"A";"117.36";"A";"117.39";"A";"117.39";"A";"117.41";"A";"117.37";"A";"117.41";"A";"117.4";"A";"117.45";"A";"117.53";"A";"117.49";"A";"117.41";"A";"117.29";"A"
"2017-05";"118.98";"A";"119.0";"A";"118.98";"A";"118.96";"A";"118.95";"A";"118.86";"A";"118.83";"A";"118.82";"A";"118.82";"A";"118.79";"A";"118.75";"A";"118.77";"A";"118.81";"A";"118.87";"A"
"2017-04";"118.76";"A";"118.82";"A";"118.81";"A";"118.8";"A";"118.81";"A";"118.76";"A";"118.71";"A";"118.65";"A";"118.67";"A";"118.65";"A";"118.62";"A";"118.61";"A";"118.6";"A";"118.56";"A"
"2017-03";"115.52";"A";"115.5";"A";"115.35";"A";"115.34";"A";"115.34";"A";"115.34";"A";"115.37";"A";"115.37";"A";"115.37";"A";"115.38";"A";"115.39";"A";"115.43";"A";"115.48";"A";"115.52";"A"
"2017-02";"112.88";"A";"112.93";"A";"112.99";"A";"112.98";"A";"112.98";"A";"112.99";"A";"112.91";"A";"113.04";"A";"113.03";"A";"113.06";"A";"113.15";"A";"113.26";"A";"113.42";"A";"113.61";"A"
"2017-01";"118.45";"A";"118.47";"A";"118.56";"A";"118.56";"A";"118.56";"A";"118.57";"A";"118.58";"A";"118.57";"A";"118.57";"A";"118.56";"A";"118.5";"A";"118.46";"A";"118.44";"A";"118.42";"A"
"2016-12";"119.87";"A";"119.86";"A";"119.83";"A";"119.82";"A";"119.81";"A";"119.74";"A";"119.69";"A";"119.66";"A";"119.66";"A";"119.67";"A";"119.68";"A";"119.67";"A";"119.63";"A";"119.61";"A"
"2016-11";"118.97";"A";"118.97";"A";"118.93";"A";"118.92";"A";"118.92";"A";"118.92";"A";"119.05";"A";"118.96";"A";"118.97";"A";"118.94";"A";"118.89";"A";"118.85";"A";"118.81";"A";"118.78";"A"
"2016-10";"121.02";"A";"121.02";"A";"120.98";"A";"120.97";"A";"120.98";"A";"120.96";"A";"120.94";"A";"120.85";"A";"120.86";"A";"120.82";"A";"120.81";"A";"120.82";"A";"120.83";"A";"120.84";"A"
"2016-09";"120.88";"A";"120.87";"A";"120.83";"A";"120.83";"A";"120.83";"A";"120.78";"A";"120.71";"A";"120.81";"A";"120.8";"A";"120.83";"A";"120.83";"A";"120.81";"A";"120.73";"A";"120.68";"A"
"2016-08";"124.62";"A";"124.62";"A";"124.58";"A";"124.57";"A";"124.57";"A";"124.51";"A";"124.48";"A";"124.47";"A";"124.47";"A";"124.45";"A";"124.39";"A";"124.39";"A";"124.39";"A";"124.4";"A"
"2016-07";"124.27";"A";"124.27";"A";"124.23";"A";"124.21";"A";"124.22";"A";"124.18";"A";"124.12";"A";"124.04";"A";"124.05";"A";"124.03";"A";"124.03";"A";"124.07";"A";"124.11";"A";"124.11";"A"
"2016-06";"124.33";"A";"124.33";"A";"124.29";"A";"124.29";"A";"124.29";"A";"124.27";"A";"124.25";"A";"124.25";"A";"124.26";"A";"124.24";"A";"124.23";"A";"124.22";"A";"124.22";"A";"124.23";"A"
"2016-05";"125.14";"A";"125.13";"A";"125.09";"A";"125.1";"A";"125.09";"A";"125.05";"A";"125.05";"A";"125.04";"A";"125.04";"A";"125.02";"A";"124.99";"A";"124.96";"A";"124.99";"A";"125.01";"A"
"2016-04";"128.17";"A";"128.16";"A";"128.12";"A";"128.12";"A";"128.12";"A";"128.08";"A";"128.02";"A";"127.97";"A";"127.98";"A";"127.97";"A";"127.98";"A";"128.0";"A";"128.06";"A";"128.09";"A"
"2016-03";"130.6";"A";"130.59";"A";"130.55";"A";"130.54";"A";"130.54";"A";"130.46";"A";"130.46";"A";"130.46";"A";"130.46";"A";"130.46";"A";"130.41";"A";"130.37";"A";"130.3";"A";"130.23";"A"
"2016-02";"132.57";"A";"132.57";"A";"132.53";"A";"132.52";"A";"132.52";"A";"132.53";"A";"132.39";"A";"132.48";"A";"132.49";"A";"132.47";"A";"132.34";"A";"132.2";"A";"131.97";"A";"131.72";"A"
"2016-01";"131.18";"A";"131.17";"A";"131.13";"A";"131.12";"A";"131.12";"A";"131.15";"A";"131.14";"A";"131.07";"A";"131.09";"A";"131.06";"A";"130.97";"A";"130.96";"A";"130.93";"A";"130.9";"A"
"2015-12";"132.3";"A";"132.29";"A";"132.25";"A";"132.25";"A";"132.25";"A";"132.18";"A";"132.2";"A";"132.19";"A";"132.2";"A";"132.17";"A";"132.07";"A";"132.0";"A";"131.92";"A";"131.88";"A"
"2015-11";"133.3";"A";"133.3";"A";"133.26";"A";"133.28";"A";"133.28";"A";"133.28";"A";"133.36";"A";"133.27";"A";"133.28";"A";"133.29";"A";"133.34";"A";"133.25";"A";"133.17";"A";"133.07";"A"
"2015-10";"128.28";"A";"128.27";"A";"128.23";"A";"128.23";"A";"128.23";"A";"128.15";"A";"128.1";"A";"128.05";"A";"128.06";"A";"128.07";"A";"128.1";"A";"128.08";"A";"128.03";"A";"127.98";"A"
"2015-09";"125.46";"A";"125.45";"A";"125.41";"A";"125.39";"A";"125.39";"A";"125.3";"A";"125.21";"A";"125.3";"A";"125.29";"A";"125.25";"A";"125.15";"A";"125.16";"A";"125.13";"A";"125.16";"A"
"2015-08";"128.17";"A";"128.17";"A";"128.13";"A";"128.14";"A";"128.14";"A";"128.2";"A";"128.22";"A";"128.19";"A";"128.2";"A";"128.19";"A";"128.2";"A";"128.2";"A";"128.21";"A";"128.19";"A"
"2015-07";"131.29";"A";"131.28";"A";"131.24";"A";"131.22";"A";"131.22";"A";"131.25";"A";"131.27";"A";"131.26";"A";"131.26";"A";"131.27";"A";"131.34";"A";"131.37";"A";"131.39";"A";"131.39";"A"
"2015-06";"132.7";"A";"132.69";"A";"132.65";"A";"132.67";"A";"132.66";"A";"132.64";"A";"132.63";"A";"132.62";"A";"132.62";"A";"132.59";"A";"132.55";"A";"132.51";"A";"132.52";"A";"132.52";"A"
"2015-05";"132.96";"A";"132.96";"A";"132.91";"A";"132.9";"A";"132.91";"A";"132.83";"A";"132.79";"A";"132.67";"A";"132.7";"A";"132.64";"A";"132.6";"A";"132.57";"A";"132.55";"A";"132.52";"A"
"2015-04";"127.84";"A";"127.84";"A";"127.8";"A";"127.79";"A";"127.79";"A";"127.76";"A";"127.78";"A";"127.77";"A";"127.77";"A";"127.77";"A";"127.78";"A";"127.77";"A";"127.78";"A";"127.75";"A"
"2015-03";"127.4";"A";"127.4";"A";"127.36";"A";"127.37";"A";"127.37";"A";"127.39";"A";"127.42";"A";"127.41";"A";"127.41";"A";"127.4";"A";"127.36";"A";"127.33";"A";"127.33";"A";"127.29";"A"
"2015-02";"124.76";"A";"124.75";"A";"124.71";"A";"124.7";"A";"124.7";"A";"124.7";"A";"124.64";"A";"124.75";"A";"124.74";"A";"124.76";"A";"124.86";"A";"124.98";"A";"125.17";"A";"125.41";"A"
"2015-01";"121.19";"A";"121.18";"A";"121.15";"A";"121.14";"A";"121.14";"A";"121.27";"A";"121.27";"A";"121.27";"A";"121.27";"A";"121.27";"A";"121.12";"A";"121.11";"A";"121.09";"A";"121.1";"A"
"2014-12";"118.69";"A";"118.69";"A";"118.65";"A";"118.64";"A";"118.64";"A";"118.66";"A";"118.68";"A";"118.67";"A";"118.66";"A";"118.63";"A";"118.56";"A";"118.63";"A";"118.71";"A";"118.79";"A"
"2014-11";"118.3";"A";"118.29";"A";"118.25";"A";"118.24";"A";"118.24";"A";"118.21";"A";"118.24";"A";"118.15";"A";"118.16";"A";"118.16";"A";"118.23";"A";"118.25";"A";"118.23";"A";"118.2";"A"
"2014-10";"121.08";"A";"121.08";"A";"121.04";"A";"121.03";"A";"121.03";"A";"121.04";"A";"121.06";"A";"121.07";"A";"121.06";"A";"121.08";"A";"121.12";"A";"121.14";"A";"121.14";"A";"121.12";"A"
"2014-09";"119.36";"A";"119.36";"A";"119.32";"A";"119.33";"A";"119.32";"A";"119.28";"A";"119.21";"A";"119.29";"A";"119.29";"A";"119.28";"A";"119.21";"A";"119.17";"A";"119.11";"A";"119.09";"A"
"2014-08";"117.53";"A";"117.53";"A";"117.49";"A";"117.48";"A";"117.48";"A";"117.43";"A";"117.39";"A";"117.3";"A";"117.32";"A";"117.29";"A";"117.28";"A";"117.28";"A";"117.27";"A";"117.24";"A"
"2014-07";"118.77";"A";"118.77";"A";"118.73";"A";"118.72";"A";"118.72";"A";"118.6";"A";"118.56";"A";"118.54";"A";"118.55";"A";"118.54";"A";"118.53";"A";"118.46";"A";"118.37";"A";"118.29";"A"
"2014-06";"116.51";"A";"116.5";"A";"116.46";"A";"116.46";"A";"116.47";"A";"116.49";"A";"116.52";"A";"116.5";"A";"116.5";"A";"116.51";"A";"116.53";"A";"116.53";"A";"116.51";"A";"116.46";"A"
"2014-05";"116.04";"A";"116.03";"A";"116.0";"A";"115.98";"A";"115.98";"A";"115.95";"A";"115.9";"A";"115.84";"A";"115.84";"A";"115.81";"A";"115.82";"A";"115.91";"A";"116.01";"A";"116.1";"A"
"2014-04";"117.03";"A";"117.02";"A";"116.98";"A";"116.98";"A";"116.97";"A";"116.91";"A";"116.9";"A";"116.89";"A";"116.9";"A";"116.88";"A";"116.86";"A";"116.85";"A";"116.92";"A";"116.93";"A"
"2014-03";"116.29";"A";"116.29";"A";"116.25";"A";"116.25";"A";"116.25";"A";"116.23";"A";"116.22";"A";"116.14";"A";"116.16";"A";"116.12";"A";"116.11";"A";"116.13";"A";"116.16";"A";"116.17";"A"
"2014-02";"117.28";"A";"117.27";"A";"117.24";"A";"117.23";"A";"117.23";"A";"117.21";"A";"117.18";"A";"117.24";"A";"117.24";"A";"117.25";"A";"117.34";"A";"117.45";"A";"117.6";"A";"117.82";"A"
"2014-01";"121.31";"A";"121.3";"A";"121.27";"A";"121.28";"A";"121.27";"A";"121.57";"A";"121.65";"A";"121.75";"A";"121.73";"A";"121.79";"A";"121.57";"A";"121.5";"A";"121.4";"A";"121.35";"A"
"2013-12";"122.3";"A";"122.29";"A";"122.25";"A";"122.28";"A";"122.28";"A";"122.28";"A";"122.3";"A";"122.29";"A";"122.29";"A";"122.32";"A";"122.32";"A";"122.25";"A";"122.17";"A";"122.05";"A"
"2013-11";"118.81";"A";"118.81";"A";"118.77";"A";"118.75";"A";"118.75";"A";"118.51";"A";"118.38";"A";"118.27";"A";"118.29";"A";"118.25";"A";"118.28";"A";"118.26";"A";"118.22";"A";"118.18";"A"
"2013-10";"120.66";"A";"120.66";"A";"120.62";"A";"120.62";"A";"120.62";"A";"120.56";"A";"120.56";"A";"120.57";"A";"120.57";"A";"120.56";"A";"120.53";"A";"120.47";"A";"120.42";"A";"120.37";"A"
"2013-09";"124.37";"A";"124.37";"A";"124.33";"A";"124.33";"A";"124.33";"A";"124.37";"A";"124.35";"A";"124.41";"A";"124.4";"A";"124.41";"A";"124.42";"A";"124.42";"A";"124.38";"A";"124.34";"A"
"2013-08";"131.67";"A";"131.66";"A";"131.62";"A";"131.61";"A";"131.61";"A";"131.54";"A";"131.47";"A";"131.41";"A";"131.42";"A";"131.41";"A";"131.44";"A";"131.46";"A";"131.48";"A";"131.48";"A"
"2013-07";"124.24";"A";"124.24";"A";"124.2";"A";"124.19";"A";"124.19";"A";"124.12";"A";"124.09";"A";"124.05";"A";"124.06";"A";"124.0";"A";"123.97";"A";"123.99";"A";"124.04";"A";"124.11";"A"
"2013-06";"120.57";"A";"120.56";"A";"120.52";"A";"120.51";"A";"120.51";"A";"120.44";"A";"120.4";"A";"120.34";"A";"120.35";"A";"120.32";"A";"120.3";"A";"120.3";"A";"120.29";"A";"120.28";"A"
"2013-05";"119.76";"A";"119.76";"A";"119.72";"A";"119.73";"A";"119.73";"A";"119.71";"A";"119.73";"A";"119.74";"A";"119.74";"A";"119.8";"A";"119.9";"A";"119.85";"A";"119.73";"A";"119.57";"A"
"2013-04";"118.08";"A";"118.07";"A";"118.03";"A";"118.04";"A";"118.04";"A";"118.01";"A";"118.01";"A";"118.0";"A";"118.0";"A";"117.99";"A";"117.97";"A";"117.93";"A";"118.02";"A";"118.02";"A"
"2013-03";"121.13";"A";"121.13";"A";"121.09";"A";"121.08";"A";"121.08";"A";"121.04";"A";"121.01";"A";"120.96";"A";"120.96";"A";"120.97";"A";"121.02";"A";"121.06";"A";"121.07";"A";"121.05";"A"
"2013-02";"124.13";"A";"124.13";"A";"124.09";"A";"124.08";"A";"124.08";"A";"124.04";"A";"124.04";"A";"124.06";"A";"124.06";"A";"124.06";"A";"124.17";"A";"124.28";"A";"124.41";"A";"124.61";"A"
"2013-01";"116.45";"A";"116.45";"A";"116.41";"A";"116.41";"A";"116.4";"A";"116.72";"A";"116.81";"A";"116.9";"A";"116.89";"A";"116.9";"A";"116.58";"A";"116.52";"A";"116.46";"A";"116.49";"A"
"2012-12";"120.88";"A";"120.87";"A";"120.84";"A";"120.82";"A";"120.83";"A";"120.84";"A";"120.82";"A";"120.73";"A";"120.75";"A";"120.71";"A";"120.74";"A";"120.79";"A";"120.85";"A";"120.87";"A"
"2012-11";"122.49";"A";"122.48";"A";"122.44";"A";"122.43";"A";"122.43";"A";"122.29";"A";"122.22";"A";"122.19";"A";"122.19";"A";"122.2";"A";"122.28";"A";"122.29";"A";"122.29";"A";"122.3";"A"
"2012-10";"121.38";"A";"121.37";"A";"121.33";"A";"121.33";"A";"121.33";"A";"121.33";"A";"121.34";"A";"121.34";"A";"121.34";"A";"121.31";"A";"121.26";"A";"121.26";"A";"121.29";"A";"121.32";"A"
"2012-09";"120.19";"A";"120.19";"A";"120.15";"A";"120.14";"A";"120.14";"A";"120.09";"A";"120.02";"A";"119.99";"A";"120.0";"A";"120.01";"A";"120.03";"A";"120.02";"A";"119.94";"A";"119.87";"A"
"2012-08";"123.96";"A";"123.96";"A";"123.92";"A";"123.92";"A";"123.92";"A";"123.9";"A";"123.9";"A";"123.91";"A";"123.91";"A";"123.95";"A";"124.0";"A";"123.98";"A";"123.93";"A";"123.87";"A"
"2012-07";"122.46";"A";"122.45";"A";"122.41";"A";"122.43";"A";"122.43";"A";"122.48";"A";"122.53";"A";"122.53";"A";"122.53";"A";"122.54";"A";"122.58";"A";"122.56";"A";"122.54";"A";"122.48";"A"
"2012-06";"122.85";"A";"122.85";"A";"122.81";"A";"122.8";"A";"122.8";"A";"122.71";"A";"122.65";"A";"122.62";"A";"122.62";"A";"122.6";"A";"122.61";"A";"122.63";"A";"122.64";"A";"122.67";"A"
"2012-05";"127.42";"A";"127.42";"A";"127.38";"A";"127.35";"A";"127.35";"A";"127.36";"A";"127.4";"A";"127.39";"A";"127.39";"A";"127.39";"A";"127.45";"A";"127.51";"A";"127.49";"A";"127.47";"A"
"2012-04";"130.19";"A";"130.19";"A";"130.15";"A";"130.15";"A";"130.15";"A";"130.19";"A";"130.23";"A";"130.19";"A";"130.2";"A";"130.19";"A";"130.19";"A";"130.2";"A";"130.34";"A";"130.35";"A"
"2012-03";"128.5";"A";"128.49";"A";"128.45";"A";"128.45";"A";"128.45";"A";"128.36";"A";"128.31";"A";"128.28";"A";"128.28";"A";"128.29";"A";"128.35";"A";"128.34";"A";"128.3";"A";"128.26";"A"
"2012-02";"127.03";"A";"127.03";"A";"126.99";"A";"126.97";"A";"126.97";"A";"126.86";"A";"126.81";"A";"126.77";"A";"126.78";"A";"126.74";"A";"126.63";"A";"126.54";"A";"126.28";"A";"126.04";"A"
"2012-01";"124.3";"A";"124.29";"A";"124.25";"A";"124.28";"A";"124.27";"A";"124.64";"A";"124.71";"A";"124.8";"A";"124.79";"A";"124.8";"A";"124.41";"A";"124.31";"A";"124.26";"A";"124.27";"A"
"2011-12";"129.98";"A";"129.98";"A";"129.94";"A";"129.93";"A";"129.93";"A";"129.93";"A";"129.92";"A";"129.9";"A";"129.91";"A";"129.9";"A";"129.89";"A";"129.88";"A";"129.85";"A";"129.82";"A"
"2011-11";"133.16";"A";"133.16";"A";"133.12";"A";"133.11";"A";"133.11";"A";"133.11";"A";"133.1";"A";"133.08";"A";"133.09";"A";"133.08";"A";"133.06";"A";"133.05";"A";"133.03";"A";"132.99";"A"
"2011-10";"133.42";"A";"133.42";"A";"133.37";"A";"133.37";"A";"133.37";"A";"133.37";"A";"133.36";"A";"133.34";"A";"133.34";"A";"133.34";"A";"133.32";"A";"133.31";"A";"133.29";"A";"133.25";"A"
"2011-09";"137.98";"A";"137.97";"A";"137.93";"A";"137.93";"A";"137.92";"A";"137.92";"A";"137.91";"A";"137.89";"A";"137.9";"A";"137.89";"A";"137.88";"A";"137.86";"A";"137.84";"A";"137.8";"A"
"2011-08";"137.61";"A";"137.6";"A";"137.56";"A";"137.55";"A";"137.55";"A";"137.55";"A";"137.54";"A";"137.52";"A";"137.53";"A";"137.52";"A";"137.5";"A";"137.49";"A";"137.47";"A";"137.43";"A"
"2011-07";"135.9";"A";"135.9";"A";"135.86";"A";"135.85";"A";"135.85";"A";"135.85";"A";"135.84";"A";"135.82";"A";"135.83";"A";"135.82";"A";"135.8";"A";"135.79";"A";"135.77";"A";"135.73";"A"
"2011-06";"139.0";"A";"139.0";"A";"138.95";"A";"138.95";"A";"138.95";"A";"138.95";"A";"138.94";"A";"138.92";"A";"138.92";"A";"138.92";"A";"138.9";"A";"138.89";"A";"138.86";"A";"138.83";"A"
"2011-05";"141.56";"A";"141.56";"A";"141.51";"A";"141.51";"A";"141.51";"A";"141.5";"A";"141.49";"A";"141.48";"A";"141.48";"A";"141.47";"A";"141.46";"A";"141.44";"A";"141.42";"A";"141.38";"A"
"2011-04";"141.95";"A";"141.95";"A";"141.9";"A";"141.9";"A";"141.9";"A";"141.9";"A";"141.89";"A";"141.87";"A";"141.87";"A";"141.87";"A";"141.85";"A";"141.84";"A";"141.81";"A";"141.77";"A"
"2011-03";"141.33";"A";"141.32";"A";"141.28";"A";"141.27";"A";"141.27";"A";"141.27";"A";"141.26";"A";"141.24";"A";"141.24";"A";"141.24";"A";"141.22";"A";"141.21";"A";"141.18";"A";"141.15";"A"
"2011-02";"143.77";"A";"143.77";"A";"143.72";"A";"143.72";"A";"143.72";"A";"143.71";"A";"143.7";"A";"143.69";"A";"143.69";"A";"143.68";"A";"143.67";"A";"143.65";"A";"143.63";"A";"143.59";"A"
"2011-01";"144.62";"A";"144.61";"A";"144.57";"A";"144.57";"A";"144.56";"A";"144.56";"A";"144.55";"A";"144.53";"A";"144.54";"A";"144.53";"A";"144.51";"A";"144.5";"A";"144.47";"A";"144.44";"A"
"2010-12";"142.73";"A";"142.72";"A";"142.68";"A";"142.67";"A";"142.67";"A";"142.67";"A";"142.66";"A";"142.64";"A";"142.64";"A";"142.64";"A";"142.62";"A";"142.61";"A";"142.58";"A";"142.55";"A"
"2010-11";"143.17";"A";"143.17";"A";"143.12";"A";"143.12";"A";"143.12";"A";"143.11";"A";"143.1";"A";"143.09";"A";"143.09";"A";"143.08";"A";"143.07";"A";"143.05";"A";"143.03";"A";"142.99";"A"
"2010-10";"143.44";"A";"143.43";"A";"143.39";"A";"143.39";"A";"143.38";"A";"143.38";"A";"143.37";"A";"143.35";"A";"143.36";"A";"143.35";"A";"143.33";"A";"143.32";"A";"143.3";"A";"143.26";"A"
"2010-09";"142.84";"A";"142.83";"A";"142.79";"A";"142.78";"A";"142.78";"A";"142.78";"A";"142.77";"A";"142.75";"A";"142.75";"A";"142.75";"A";"142.73";"A";"142.72";"A";"142.69";"A";"142.66";"A"
"2010-08";"140.17";"A";"140.16";"A";"140.12";"A";"140.11";"A";"140.11";"A";"140.11";"A";"140.1";"A";"140.08";"A";"140.08";"A";"140.08";"A";"140.06";"A";"140.05";"A";"140.02";"A";"139.99";"A"
"2010-07";"143.93";"A";"143.92";"A";"143.87";"A";"143.87";"A";"143.87";"A";"143.87";"A";"143.86";"A";"143.84";"A";"143.84";"A";"143.84";"A";"143.82";"A";"143.81";"A";"143.78";"A";"143.74";"A"
"2010-06";"143.74";"A";"143.73";"A";"143.69";"A";"143.68";"A";"143.68";"A";"143.68";"A";"143.67";"A";"143.65";"A";"143.65";"A";"143.65";"A";"143.63";"A";"143.62";"A";"143.59";"A";"143.55";"A"
"2010-05";"126.95";"A";"126.94";"A";"126.9";"A";"126.9";"A";"126.9";"A";"126.89";"A";"126.88";"A";"126.87";"A";"126.87";"A";"126.87";"A";"126.85";"A";"126.84";"A";"126.82";"A";"126.78";"A"
"2010-04";"133.9";"A";"133.89";"A";"133.85";"A";"133.85";"A";"133.85";"A";"133.84";"A";"133.83";"A";"133.82";"A";"133.82";"A";"133.81";"A";"133.8";"A";"133.79";"A";"133.76";"A";"133.73";"A"
"2010-03";"132.6";"A";"132.59";"A";"132.55";"A";"132.55";"A";"132.55";"A";"132.54";"A";"132.53";"A";"132.52";"A";"132.52";"A";"132.51";"A";"132.5";"A";"132.49";"A";"132.46";"A";"132.43";"A"
"2010-02";"128.68";"A";"128.68";"A";"128.64";"A";"128.63";"A";"128.63";"A";"128.63";"A";"128.62";"A";"128.6";"A";"128.61";"A";"128.6";"A";"128.58";"A";"128.57";"A";"128.55";"A";"128.52";"A"
"2010-01";"133.44";"A";"133.44";"A";"133.4";"A";"133.39";"A";"133.39";"A";"133.39";"A";"133.38";"A";"133.36";"A";"133.37";"A";"133.36";"A";"133.34";"A";"133.33";"A";"133.31";"A";"133.27";"A"
"2009-12";"134.95";"A";"134.94";"A";"134.9";"A";"134.9";"A";"134.89";"A";"134.89";"A";"134.88";"A";"134.86";"A";"134.87";"A";"134.86";"A";"134.85";"A";"134.84";"A";"134.81";"A";"134.78";"A"
"2009-11";"136.88";"A";"136.88";"A";"136.83";"A";"136.83";"A";"136.83";"A";"136.82";"A";"136.81";"A";"136.8";"A";"136.8";"A";"136.8";"A";"136.78";"A";"136.77";"A";"136.74";"A";"136.71";"A"
"2009-10";"137.05";"A";"137.05";"A";"137.0";"A";"137.0";"A";"137.0";"A";"136.99";"A";"136.98";"A";"136.97";"A";"136.97";"A";"136.97";"A";"136.95";"A";"136.94";"A";"136.91";"A";"136.88";"A"
"2009-09";"135.91";"A";"135.91";"A";"135.86";"A";"135.86";"A";"135.86";"A";"135.86";"A";"135.85";"A";"135.83";"A";"135.83";"A";"135.83";"A";"135.81";"A";"135.8";"A";"135.77";"A";"135.74";"A"
"2009-08";"137.54";"A";"137.54";"A";"137.49";"A";"137.49";"A";"137.49";"A";"137.49";"A";"137.48";"A";"137.46";"A";"137.46";"A";"137.46";"A";"137.44";"A";"137.43";"A";"137.4";"A";"137.37";"A"
"2009-07";"138.06";"A";"138.05";"A";"138.01";"A";"138.0";"A";"138.0";"A";"138.0";"A";"137.99";"A";"137.97";"A";"137.97";"A";"137.97";"A";"137.95";"A";"137.94";"A";"137.92";"A";"137.88";"A"
"2009-06";"144.45";"A";"144.44";"A";"144.39";"A";"144.39";"A";"144.39";"A";"144.39";"A";"144.38";"A";"144.36";"A";"144.36";"A";"144.35";"A";"144.34";"A";"144.33";"A";"144.3";"A";"144.26";"A"
"2009-05";"140.13";"A";"140.12";"A";"140.08";"A";"140.08";"A";"140.08";"A";"140.07";"A";"140.06";"A";"140.05";"A";"140.05";"A";"140.04";"A";"140.03";"A";"140.01";"A";"139.99";"A";"139.95";"A"
"2009-04";"140.98";"A";"140.98";"A";"140.93";"A";"140.93";"A";"140.93";"A";"140.92";"A";"140.91";"A";"140.9";"A";"140.9";"A";"140.89";"A";"140.88";"A";"140.87";"A";"140.84";"A";"140.8";"A"
"2009-03";"141.04";"A";"141.03";"A";"140.99";"A";"140.98";"A";"140.98";"A";"140.98";"A";"140.97";"A";"140.95";"A";"140.95";"A";"140.95";"A";"140.93";"A";"140.92";"A";"140.89";"A";"140.86";"A"
"2009-02";"153.62";"A";"153.61";"A";"153.56";"A";"153.56";"A";"153.56";"A";"153.55";"A";"153.54";"A";"153.52";"A";"153.53";"A";"153.52";"A";"153.5";"A";"153.49";"A";"153.46";"A";"153.42";"A"
"2009-01";"134.93";"A";"134.92";"A";"134.88";"A";"134.87";"A";"134.87";"A";"134.87";"A";"134.86";"A";"134.84";"A";"134.85";"A";"134.84";"A";"134.82";"A";"134.81";"A";"134.79";"A";"134.75";"A"
"2008-12";"142.53";"A";"142.52";"A";"142.48";"A";"142.47";"A";"142.47";"A";"142.47";"A";"142.46";"A";"142.44";"A";"142.44";"A";"142.44";"A";"142.42";"A";"142.41";"A";"142.38";"A";"142.35";"A"
"2008-11";"139.8";"A";"139.79";"A";"139.75";"A";"139.74";"A";"139.74";"A";"139.74";"A";"139.73";"A";"139.71";"A";"139.71";"A";"139.71";"A";"139.69";"A";"139.68";"A";"139.65";"A";"139.62";"A"
"2008-10";"143.41";"A";"143.41";"A";"143.36";"A";"143.36";"A";"143.35";"A";"143.35";"A";"143.34";"A";"143.32";"A";"143.33";"A";"143.32";"A";"143.3";"A";"143.29";"A";"143.27";"A";"143.23";"A"
"2008-09";"145.06";"A";"145.06";"A";"145.01";"A";"145.01";"A";"145.0";"A";"145.0";"A";"144.99";"A";"144.97";"A";"144.98";"A";"144.97";"A";"144.95";"A";"144.94";"A";"144.91";"A";"144.88";"A"
"2008-08";"150.11";"A";"150.11";"A";"150.06";"A";"150.05";"A";"150.05";"A";"150.05";"A";"150.04";"A";"150.02";"A";"150.02";"A";"150.02";"A";"150.0";"A";"149.99";"A";"149.96";"A";"149.92";"A"
"2008-07";"156.28";"A";"156.27";"A";"156.22";"A";"156.22";"A";"156.21";"A";"156.21";"A";"156.2";"A";"156.18";"A";"156.19";"A";"156.18";"A";"156.16";"A";"156.15";"A";"156.12";"A";"156.08";"A"
"2008-06";"151.58";"A";"151.57";"A";"151.52";"A";"151.52";"A";"151.52";"A";"151.51";"A";"151.5";"A";"151.48";"A";"151.49";"A";"151.48";"A";"151.46";"A";"151.45";"A";"151.42";"A";"151.38";"A"
"2008-05";"148.96";"A";"148.95";"A";"148.91";"A";"148.9";"A";"148.9";"A";"148.9";"A";"148.89";"A";"148.87";"A";"148.87";"A";"148.87";"A";"148.85";"A";"148.84";"A";"148.81";"A";"148.77";"A"
"2008-04";"153.9";"A";"153.89";"A";"153.84";"A";"153.84";"A";"153.84";"A";"153.83";"A";"153.82";"A";"153.8";"A";"153.81";"A";"153.8";"A";"153.78";"A";"153.77";"A";"153.74";"A";"153.7";"A"
"2008-03";"153.18";"A";"153.17";"A";"153.12";"A";"153.12";"A";"153.11";"A";"153.11";"A";"153.1";"A";"153.08";"A";"153.09";"A";"153.08";"A";"153.06";"A";"153.05";"A";"153.02";"A";"152.98";"A"
"2008-02";"154.09";"A";"154.08";"A";"154.03";"A";"154.03";"A";"154.03";"A";"154.03";"A";"154.01";"A";"153.99";"A";"154.0";"A";"153.99";"A";"153.97";"A";"153.96";"A";"153.93";"A";"153.89";"A"
"2008-01";"154.76";"A";"154.76";"A";"154.71";"A";"154.7";"A";"154.7";"A";"154.7";"A";"154.69";"A";"154.67";"A";"154.67";"A";"154.67";"A";"154.65";"A";"154.63";"A";"154.61";"A";"154.57";"A"
"2007-12";"154.25";"A";"154.25";"A";"154.2";"A";"154.19";"A";"154.19";"A";"154.19";"A";"154.18";"A";"154.16";"A";"154.16";"A";"154.16";"A";"154.14";"A";"154.13";"A";"154.1";"A";"154.06";"A"
"2007-11";"151.74";"A";"151.73";"A";"151.68";"A";"151.68";"A";"151.68";"A";"151.68";"A";"151.66";"A";"151.65";"A";"151.65";"A";"151.64";"A";"151.62";"A";"151.61";"A";"151.58";"A";"151.55";"A"
"2007-10";"151.6";"A";"151.6";"A";"151.55";"A";"151.54";"A";"151.54";"A";"151.54";"A";"151.53";"A";"151.51";"A";"151.51";"A";"151.51";"A";"151.49";"A";"151.48";"A";"151.45";"A";"151.41";"A"
"2007-09";"150.64";"A";"150.63";"A";"150.58";"A";"150.58";"A";"150.58";"A";"150.57";"A";"150.56";"A";"150.54";"A";"150.55";"A";"150.54";"A";"150.52";"A";"150.51";"A";"150.48";"A";"150.44";"A"
"2007-08";"151.5";"A";"151.49";"A";"151.44";"A";"151.44";"A";"151.44";"A";"151.43";"A";"151.42";"A";"151.4";"A";"151.41";"A";"151.4";"A";"151.38";"A";"151.37";"A";"151.34";"A";"151.3";"A"
"2007-07";"154.1";"A";"154.09";"A";"154.04";"A";"154.04";"A";"154.04";"A";"154.04";"A";"154.02";"A";"154.0";"A";"154.01";"A";"154.0";"A";"153.98";"A";"153.97";"A";"153.94";"A";"153.9";"A"
"2007-06";"154.13";"A";"154.12";"A";"154.08";"A";"154.07";"A";"154.07";"A";"154.07";"A";"154.06";"A";"154.04";"A";"154.04";"A";"154.03";"A";"154.01";"A";"154.0";"A";"153.97";"A";"153.93";"A"
"2007-05";"154.16";"A";"154.15";"A";"154.1";"A";"154.1";"A";"154.1";"A";"154.1";"A";"154.08";"A";"154.06";"A";"154.07";"A";"154.06";"A";"154.04";"A";"154.03";"A";"154.0";"A";"153.96";"A"
"2007-04";"150.64";"A";"150.63";"A";"150.59";"A";"150.58";"A";"150.58";"A";"150.58";"A";"150.57";"A";"150.55";"A";"150.55";"A";"150.55";"A";"150.53";"A";"150.52";"A";"150.49";"A";"150.45";"A"
"2007-03";"149.59";"A";"149.58";"A";"149.53";"A";"149.53";"A";"149.53";"A";"149.52";"A";"149.51";"A";"149.49";"A";"149.5";"A";"149.49";"A";"149.47";"A";"149.46";"A";"149.43";"A";"149.4";"A"
"2007-02";"135.41";"A";"135.4";"A";"135.36";"A";"135.35";"A";"135.35";"A";"135.35";"A";"135.34";"A";"135.32";"A";"135.33";"A";"135.32";"A";"135.3";"A";"135.29";"A";"135.27";"A";"135.23";"A"
"2007-01";"143.49";"A";"143.48";"A";"143.44";"A";"143.43";"A";"143.43";"A";"143.43";"A";"143.42";"A";"143.4";"A";"143.4";"A";"143.4";"A";"143.38";"A";"143.37";"A";"143.34";"A";"143.31";"A"
"2006-12";"159.26";"A";"159.25";"A";"159.2";"A";"159.19";"A";"159.19";"A";"159.19";"A";"159.18";"A";"159.16";"A";"159.16";"A";"159.16";"A";"159.14";"A";"159.12";"A";"159.09";"A";"159.05";"A"
"2006-11";"165.06";"A";"165.05";"A";"165.0";"A";"164.99";"A";"164.99";"A";"164.99";"A";"164.98";"A";"164.95";"A";"164.96";"A";"164.95";"A";"164.93";"A";"164.92";"A";"164.89";"A";"164.85";"A"
"2006-10";"164.41";"A";"164.4";"A";"164.35";"A";"164.35";"A";"164.35";"A";"164.34";"A";"164.33";"A";"164.31";"A";"164.31";"A";"164.31";"A";"164.29";"A";"164.27";"A";"164.24";"A";"164.2";"A"
"2006-09";"165.84";"A";"165.83";"A";"165.78";"A";"165.78";"A";"165.77";"A";"165.77";"A";"165.76";"A";"165.74";"A";"165.74";"A";"165.74";"A";"165.71";"A";"165.7";"A";"165.67";"A";"165.63";"A"
"2006-08";"160.54";"A";"160.53";"A";"160.48";"A";"160.48";"A";"160.48";"A";"160.47";"A";"160.46";"A";"160.44";"A";"160.45";"A";"160.44";"A";"160.42";"A";"160.41";"A";"160.38";"A";"160.34";"A"
"2006-07";"160.21";"A";"160.2";"A";"160.15";"A";"160.14";"A";"160.14";"A";"160.14";"A";"160.13";"A";"160.11";"A";"160.11";"A";"160.11";"A";"160.09";"A";"160.07";"A";"160.04";"A";"160.0";"A"
"2006-06";"162.02";"A";"162.01";"A";"161.96";"A";"161.96";"A";"161.95";"A";"161.95";"A";"161.94";"A";"161.92";"A";"161.92";"A";"161.92";"A";"161.9";"A";"161.88";"A";"161.85";"A";"161.81";"A"
"2006-05";"160.09";"A";"160.08";"A";"160.03";"A";"160.03";"A";"160.03";"A";"160.03";"A";"160.01";"A";"159.99";"A";"160.0";"A";"159.99";"A";"159.97";"A";"159.96";"A";"159.93";"A";"159.89";"A"
"2006-04";"160.5";"A";"160.49";"A";"160.44";"A";"160.43";"A";"160.43";"A";"160.43";"A";"160.42";"A";"160.4";"A";"160.4";"A";"160.4";"A";"160.38";"A";"160.36";"A";"160.33";"A";"160.29";"A"
"2006-03";"160.12";"A";"160.11";"A";"160.06";"A";"160.06";"A";"160.06";"A";"160.05";"A";"160.04";"A";"160.02";"A";"160.03";"A";"160.02";"A";"160.0";"A";"159.99";"A";"159.96";"A";"159.92";"A"
"2006-02";"167.37";"A";"167.37";"A";"167.31";"A";"167.31";"A";"167.31";"A";"167.31";"A";"167.29";"A";"167.27";"A";"167.28";"A";"167.27";"A";"167.25";"A";"167.24";"A";"167.2";"A";"167.16";"A"
"2006-01";"166.52";"A";"166.52";"A";"166.47";"A";"166.46";"A";"166.46";"A";"166.46";"A";"166.44";"A";"166.42";"A";"166.43";"A";"166.42";"A";"166.4";"A";"166.39";"A";"166.36";"A";"166.31";"A"
"2005-12";"165.94";"A";"165.93";"A";"165.88";"A";"165.88";"A";"165.88";"A";"165.87";"A";"165.86";"A";"165.84";"A";"165.84";"A";"165.84";"A";"165.82";"A";"165.8";"A";"165.77";"A";"165.73";"A"
"2005-11";"167.42";"A";"167.41";"A";"167.36";"A";"167.36";"A";"167.36";"A";"167.35";"A";"167.34";"A";"167.32";"A";"167.32";"A";"167.32";"A";"167.3";"A";"167.28";"A";"167.25";"A";"167.21";"A"
"2005-10";"168.82";"A";"168.81";"A";"168.76";"A";"168.75";"A";"168.75";"A";"168.75";"A";"168.74";"A";"168.71";"A";"168.72";"A";"168.71";"A";"168.69";"A";"168.68";"A";"168.65";"A";"168.6";"A"
"2005-09";"169.78";"A";"169.78";"A";"169.72";"A";"169.72";"A";"169.72";"A";"169.71";"A";"169.7";"A";"169.68";"A";"169.69";"A";"169.68";"A";"169.66";"A";"169.64";"A";"169.61";"A";"169.57";"A"
"2005-08";"170.2";"A";"170.19";"A";"170.14";"A";"170.13";"A";"170.13";"A";"170.13";"A";"170.12";"A";"170.09";"A";"170.1";"A";"170.09";"A";"170.07";"A";"170.06";"A";"170.03";"A";"169.98";"A"
"2005-07";"165.52";"A";"165.51";"A";"165.46";"A";"165.45";"A";"165.45";"A";"165.45";"A";"165.44";"A";"165.41";"A";"165.42";"A";"165.41";"A";"165.39";"A";"165.38";"A";"165.35";"A";"165.31";"A"
"2005-06";"161.91";"A";"161.91";"A";"161.86";"A";"161.85";"A";"161.85";"A";"161.85";"A";"161.84";"A";"161.82";"A";"161.82";"A";"161.81";"A";"161.79";"A";"161.78";"A";"161.75";"A";"161.71";"A"
"2005-05";"161.11";"A";"161.1";"A";"161.05";"A";"161.05";"A";"161.04";"A";"161.04";"A";"161.03";"A";"161.01";"A";"161.01";"A";"161.01";"A";"160.99";"A";"160.97";"A";"160.94";"A";"160.9";"A"
"2005-04";"160.0";"A";"159.99";"A";"159.94";"A";"159.94";"A";"159.94";"A";"159.93";"A";"159.92";"A";"159.9";"A";"159.91";"A";"159.9";"A";"159.88";"A";"159.87";"A";"159.84";"A";"159.8";"A"
"2005-03";"165.48";"A";"165.47";"A";"165.42";"A";"165.42";"A";"165.42";"A";"165.41";"A";"165.4";"A";"165.38";"A";"165.38";"A";"165.38";"A";"165.36";"A";"165.34";"A";"165.31";"A";"165.27";"A"
"2005-02";"163.61";"A";"163.61";"A";"163.56";"A";"163.55";"A";"163.55";"A";"163.55";"A";"163.54";"A";"163.51";"A";"163.52";"A";"163.51";"A";"163.49";"A";"163.48";"A";"163.45";"A";"163.41";"A"
"2005-01";"172.95";"A";"172.94";"A";"172.89";"A";"172.88";"A";"172.88";"A";"172.88";"A";"172.87";"A";"172.84";"A";"172.85";"A";"172.84";"A";"172.82";"A";"172.81";"A";"172.77";"A";"172.73";"A"
"2004-12";"169.52";"A";"169.51";"A";"169.46";"A";"169.46";"A";"169.45";"A";"169.45";"A";"169.44";"A";"169.42";"A";"169.42";"A";"169.41";"A";"169.39";"A";"169.38";"A";"169.35";"A";"169.31";"A"
"2004-11";"169.33";"A";"169.32";"A";"169.27";"A";"169.26";"A";"169.26";"A";"169.26";"A";"169.24";"A";"169.22";"A";"169.23";"A";"169.22";"A";"169.2";"A";"169.19";"A";"169.15";"A";"169.11";"A"
"2004-10";"162.14";"A";"162.13";"A";"162.08";"A";"162.08";"A";"162.08";"A";"162.07";"A";"162.06";"A";"162.04";"A";"162.05";"A";"162.04";"A";"162.02";"A";"162.01";"A";"161.98";"A";"161.93";"A"
"2004-09";"168.47";"A";"168.46";"A";"168.41";"A";"168.4";"A";"168.4";"A";"168.4";"A";"168.39";"A";"168.37";"A";"168.37";"A";"168.36";"A";"168.34";"A";"168.33";"A";"168.3";"A";"168.26";"A"
"2004-08";"170.94";"A";"170.94";"A";"170.88";"A";"170.88";"A";"170.88";"A";"170.87";"A";"170.86";"A";"170.84";"A";"170.85";"A";"170.84";"A";"170.82";"A";"170.8";"A";"170.77";"A";"170.73";"A"
"2004-07";"176.02";"A";"176.02";"A";"175.96";"A";"175.96";"A";"175.95";"A";"175.95";"A";"175.94";"A";"175.92";"A";"175.92";"A";"175.91";"A";"175.89";"A";"175.88";"A";"175.84";"A";"175.8";"A"
"2004-06";"177.39";"A";"177.38";"A";"177.32";"A";"177.32";"A";"177.32";"A";"177.31";"A";"177.3";"A";"177.28";"A";"177.28";"A";"177.27";"A";"177.25";"A";"177.24";"A";"177.21";"A";"177.16";"A"
"2004-05";"185.76";"A";"185.76";"A";"185.7";"A";"185.69";"A";"185.69";"A";"185.69";"A";"185.67";"A";"185.65";"A";"185.66";"A";"185.65";"A";"185.62";"A";"185.61";"A";"185.58";"A";"185.53";"A"
"2004-04";"182.49";"A";"182.48";"A";"182.43";"A";"182.42";"A";"182.42";"A";"182.41";"A";"182.4";"A";"182.38";"A";"182.38";"A";"182.38";"A";"182.35";"A";"182.34";"A";"182.31";"A";"182.26";"A"
"2004-03";"180.66";"A";"180.66";"A";"180.6";"A";"180.59";"A";"180.59";"A";"180.59";"A";"180.58";"A";"180.55";"A";"180.56";"A";"180.55";"A";"180.53";"A";"180.51";"A";"180.48";"A";"180.43";"A"
"2004-02";"182.52";"A";"182.51";"A";"182.45";"A";"182.44";"A";"182.44";"A";"182.44";"A";"182.43";"A";"182.4";"A";"182.41";"A";"182.4";"A";"182.38";"A";"182.36";"A";"182.33";"A";"182.28";"A"
"2004-01";"181.66";"A";"181.65";"A";"181.6";"A";"181.59";"A";"181.59";"A";"181.59";"A";"181.57";"A";"181.55";"A";"181.56";"A";"181.55";"A";"181.52";"A";"181.51";"A";"181.48";"A";"181.43";"A"
"2003-12";"187.06";"A";"187.05";"A";"186.99";"A";"186.99";"A";"186.99";"A";"186.98";"A";"186.97";"A";"186.94";"A";"186.95";"A";"186.94";"A";"186.92";"A";"186.9";"A";"186.87";"A";"186.82";"A"
"2003-11";"178.89";"A";"178.88";"A";"178.83";"A";"178.82";"A";"178.82";"A";"178.82";"A";"178.81";"A";"178.78";"A";"178.79";"A";"178.78";"A";"178.76";"A";"178.74";"A";"178.71";"A";"178.67";"A"
"2003-10";"179.07";"A";"179.06";"A";"179.0";"A";"179.0";"A";"179.0";"A";"178.99";"A";"178.98";"A";"178.96";"A";"178.96";"A";"178.95";"A";"178.93";"A";"178.92";"A";"178.88";"A";"178.84";"A"
"2003-09";"179.51";"A";"179.51";"A";"179.45";"A";"179.44";"A";"179.44";"A";"179.44";"A";"179.43";"A";"179.4";"A";"179.41";"A";"179.4";"A";"179.38";"A";"179.36";"A";"179.33";"A";"179.28";"A"
"2003-08";"177.15";"A";"177.14";"A";"177.09";"A";"177.08";"A";"177.08";"A";"177.08";"A";"177.06";"A";"177.04";"A";"177.05";"A";"177.04";"A";"177.02";"A";"177.0";"A";"176.97";"A";"176.92";"A"
"2003-07";"187.33";"A";"187.32";"A";"187.26";"A";"187.25";"A";"187.25";"A";"187.25";"A";"187.24";"A";"187.21";"A";"187.22";"A";"187.21";"A";"187.19";"A";"187.17";"A";"187.14";"A";"187.09";"A"
"2003-06";"191.58";"A";"191.57";"A";"191.51";"A";"191.51";"A";"191.5";"A";"191.5";"A";"191.49";"A";"191.46";"A";"191.47";"A";"191.46";"A";"191.44";"A";"191.42";"A";"191.38";"A";"191.34";"A"
"2003-05";"194.37";"A";"194.36";"A";"194.3";"A";"194.29";"A";"194.29";"A";"194.29";"A";"194.27";"A";"194.25";"A";"194.26";"A";"194.25";"A";"194.22";"A";"194.21";"A";"194.17";"A";"194.12";"A"
"2003-04";"195.5";"A";"195.5";"A";"195.43";"A";"195.43";"A";"195.43";"A";"195.42";"A";"195.41";"A";"195.38";"A";"195.39";"A";"195.38";"A";"195.36";"A";"195.34";"A";"195.31";"A";"195.26";"A"
"2003-03";"193.64";"A";"193.63";"A";"193.57";"A";"193.56";"A";"193.56";"A";"193.56";"A";"193.54";"A";"193.52";"A";"193.53";"A";"193.52";"A";"193.49";"A";"193.48";"A";"193.44";"A";"193.39";"A"
"2003-02";"192.58";"A";"192.57";"A";"192.51";"A";"192.5";"A";"192.5";"A";"192.5";"A";"192.48";"A";"192.46";"A";"192.47";"A";"192.46";"A";"192.43";"A";"192.42";"A";"192.38";"A";"192.33";"A"
"2003-01";"186.02";"A";"186.01";"A";"185.95";"A";"185.94";"A";"185.94";"A";"185.94";"A";"185.93";"A";"185.9";"A";"185.91";"A";"185.9";"A";"185.88";"A";"185.86";"A";"185.83";"A";"185.78";"A"
"2002-12";"190.79";"A";"190.78";"A";"190.72";"A";"190.71";"A";"190.71";"A";"190.71";"A";"190.69";"A";"190.67";"A";"190.68";"A";"190.67";"A";"190.64";"A";"190.63";"A";"190.59";"A";"190.54";"A"
"2002-11";"198.16";"A";"198.15";"A";"198.08";"A";"198.08";"A";"198.08";"A";"198.07";"A";"198.06";"A";"198.03";"A";"198.04";"A";"198.03";"A";"198.01";"A";"197.99";"A";"197.95";"A";"197.9";"A"
"2002-10";"199.5";"A";"199.49";"A";"199.43";"A";"199.42";"A";"199.42";"A";"199.42";"A";"199.4";"A";"199.38";"A";"199.39";"A";"199.38";"A";"199.35";"A";"199.34";"A";"199.3";"A";"199.25";"A"
"2002-09";"199.57";"A";"199.57";"A";"199.5";"A";"199.5";"A";"199.5";"A";"199.49";"A";"199.48";"A";"199.45";"A";"199.46";"A";"199.45";"A";"199.42";"A";"199.41";"A";"199.37";"A";"199.32";"A"
"2002-08";"198.67";"A";"198.66";"A";"198.6";"A";"198.59";"A";"198.59";"A";"198.59";"A";"198.57";"A";"198.55";"A";"198.55";"A";"198.54";"A";"198.52";"A";"198.5";"A";"198.47";"A";"198.42";"A"
"2002-07";"198.68";"A";"198.67";"A";"198.61";"A";"198.6";"A";"198.6";"A";"198.6";"A";"198.58";"A";"198.56";"A";"198.56";"A";"198.55";"A";"198.53";"A";"198.51";"A";"198.48";"A";"198.43";"A"
"2002-06";"199.59";"A";"199.58";"A";"199.52";"A";"199.51";"A";"199.51";"A";"199.51";"A";"199.49";"A";"199.47";"A";"199.47";"A";"199.46";"A";"199.44";"A";"199.42";"A";"199.39";"A";"199.34";"A"
"2002-05";"202.14";"A";"202.13";"A";"202.07";"A";"202.06";"A";"202.06";"A";"202.06";"A";"202.04";"A";"202.02";"A";"202.02";"A";"202.01";"A";"201.99";"A";"201.97";"A";"201.94";"A";"201.88";"A"
"2002-04";"214.68";"A";"214.68";"A";"214.61";"A";"214.6";"A";"214.6";"A";"214.6";"A";"214.58";"A";"214.55";"A";"214.56";"A";"214.55";"A";"214.52";"A";"214.51";"A";"214.47";"A";"214.41";"A"
"2002-03";"214.75";"A";"214.74";"A";"214.68";"A";"214.67";"A";"214.67";"A";"214.66";"A";"214.65";"A";"214.62";"A";"214.63";"A";"214.62";"A";"214.59";"A";"214.57";"A";"214.53";"A";"214.48";"A"
"2002-02";"208.64";"A";"208.64";"A";"208.57";"A";"208.56";"A";"208.56";"A";"208.56";"A";"208.54";"A";"208.52";"A";"208.52";"A";"208.51";"A";"208.49";"A";"208.47";"A";"208.43";"A";"208.38";"A"
"2002-01";"211.02";"A";"211.01";"A";"210.95";"A";"210.94";"A";"210.94";"A";"210.93";"A";"210.92";"A";"210.89";"A";"210.9";"A";"210.89";"A";"210.86";"A";"210.85";"A";"210.81";"A";"210.75";"A"
"2001-12";"206.83";"A";"206.82";"A";"206.76";"A";"206.75";"A";"206.75";"A";"206.75";"A";"206.73";"A";"206.7";"A";"206.71";"A";"206.7";"A";"206.68";"A";"206.66";"A";"206.62";"A";"206.57";"A"
"2001-11";"209.27";"A";"209.26";"A";"209.2";"A";"209.19";"A";"209.19";"A";"209.18";"A";"209.17";"A";"209.14";"A";"209.15";"A";"209.14";"A";"209.11";"A";"209.1";"A";"209.06";"A";"209.01";"A"
"2001-10";"212.73";"A";"212.72";"A";"212.65";"A";"212.65";"A";"212.64";"A";"212.64";"A";"212.62";"A";"212.6";"A";"212.6";"A";"212.59";"A";"212.57";"A";"212.55";"A";"212.51";"A";"212.46";"A"
"2001-09";"214.05";"A";"214.05";"A";"213.98";"A";"213.97";"A";"213.97";"A";"213.97";"A";"213.95";"A";"213.92";"A";"213.93";"A";"213.92";"A";"213.89";"A";"213.88";"A";"213.84";"A";"213.78";"A"
"2001-08";"213.91";"A";"213.9";"A";"213.83";"A";"213.82";"A";"213.82";"A";"213.82";"A";"213.8";"A";"213.78";"A";"213.78";"A";"213.77";"A";"213.75";"A";"213.73";"A";"213.69";"A";"213.64";"A"
"2001-07";"211.94";"A";"211.93";"A";"211.86";"A";"211.85";"A";"211.85";"A";"211.85";"A";"211.83";"A";"211.81";"A";"211.81";"A";"211.8";"A";"211.78";"A";"211.76";"A";"211.72";"A";"211.67";"A"
"2001-06";"213.69";"A";"213.68";"A";"213.61";"A";"213.6";"A";"213.6";"A";"213.6";"A";"213.58";"A";"213.55";"A";"213.56";"A";"213.55";"A";"213.52";"A";"213.51";"A";"213.47";"A";"213.41";"A"
"2001-05";"214.08";"A";"214.08";"A";"214.01";"A";"214.0";"A";"214.0";"A";"214.0";"A";"213.98";"A";"213.95";"A";"213.96";"A";"213.95";"A";"213.92";"A";"213.91";"A";"213.87";"A";"213.81";"A"
"2001-04";"213.31";"A";"213.3";"A";"213.23";"A";"213.22";"A";"213.22";"A";"213.22";"A";"213.2";"A";"213.18";"A";"213.18";"A";"213.17";"A";"213.15";"A";"213.13";"A";"213.09";"A";"213.04";"A"
"2001-03";"213.92";"A";"213.91";"A";"213.85";"A";"213.84";"A";"213.84";"A";"213.83";"A";"213.82";"A";"213.79";"A";"213.8";"A";"213.79";"A";"213.76";"A";"213.75";"A";"213.71";"A";"213.65";"A"
"2001-02";"216.76";"A";"216.75";"A";"216.69";"A";"216.68";"A";"216.68";"A";"216.67";"A";"216.66";"A";"216.63";"A";"216.64";"A";"216.63";"A";"216.6";"A";"216.58";"A";"216.54";"A";"216.49";"A"
"2001-01";"217.22";"A";"217.21";"A";"217.14";"A";"217.13";"A";"217.13";"A";"217.13";"A";"217.11";"A";"217.08";"A";"217.09";"A";"217.08";"A";"217.05";"A";"217.04";"A";"217.0";"A";"216.94";"A"
"2000-12";"220.42";"A";"220.41";"A";"220.34";"A";"220.34";"A";"220.33";"A";"220.33";"A";"220.31";"A";"220.29";"A";"220.29";"A";"220.28";"A";"220.26";"A";"220.24";"A";"220.2";"A";"220.14";"A"
"2000-11";"212.74";"A";"212.73";"A";"212.66";"A";"212.66";"A";"212.65";"A";"212.65";"A";"212.63";"A";"212.61";"A";"212.61";"A";"212.6";"A";"212.58";"A";"212.56";"A";"212.52";"A";"212.47";"A"
"2000-10";"216.24";"A";"216.23";"A";"216.16";"A";"216.16";"A";"216.15";"A";"216.15";"A";"216.13";"A";"216.11";"A";"216.11";"A";"216.1";"A";"216.08";"A";"216.06";"A";"216.02";"A";"215.97";"A"
"2000-09";"221.2";"A";"221.19";"A";"221.12";"A";"221.11";"A";"221.11";"A";"221.1";"A";"221.09";"A";"221.06";"A";"221.07";"A";"221.06";"A";"221.03";"A";"221.01";"A";"220.97";"A";"220.92";"A"
"2000-08";"227.78";"A";"227.77";"A";"227.69";"A";"227.69";"A";"227.69";"A";"227.68";"A";"227.66";"A";"227.64";"A";"227.64";"A";"227.63";"A";"227.6";"A";"227.59";"A";"227.54";"A";"227.49";"A"
"2000-07";"217.6";"A";"217.59";"A";"217.52";"A";"217.52";"A";"217.51";"A";"217.51";"A";"217.49";"A";"217.47";"A";"217.47";"A";"217.46";"A";"217.44";"A";"217.42";"A";"217.38";"A";"217.32";"A"
"2000-06";"223.41";"A";"223.4";"A";"223.33";"A";"223.32";"A";"223.32";"A";"223.32";"A";"223.3";"A";"223.27";"A";"223.28";"A";"223.27";"A";"223.24";"A";"223.23";"A";"223.18";"A";"223.13";"A"
"2000-05";"210.86";"A";"210.85";"A";"210.78";"A";"210.78";"A";"210.77";"A";"210.77";"A";"210.76";"A";"210.73";"A";"210.74";"A";"210.73";"A";"210.7";"A";"210.68";"A";"210.64";"A";"210.59";"A"
"2000-04";"200.23";"A";"200.22";"A";"200.16";"A";"200.15";"A";"200.15";"A";"200.15";"A";"200.13";"A";"200.11";"A";"200.11";"A";"200.1";"A";"200.08";"A";"200.06";"A";"200.02";"A";"199.97";"A"
"2000-03";"222.87";"A";"222.86";"A";"222.79";"A";"222.78";"A";"222.78";"A";"222.77";"A";"222.76";"A";"222.73";"A";"222.74";"A";"222.73";"A";"222.7";"A";"222.68";"A";"222.64";"A";"222.58";"A"
"2000-02";"221.82";"A";"221.81";"A";"221.74";"A";"221.73";"A";"221.73";"A";"221.73";"A";"221.71";"A";"221.68";"A";"221.69";"A";"221.68";"A";"221.65";"A";"221.63";"A";"221.59";"A";"221.54";"A"
"2000-01";"219.43";"A";"219.42";"A";"219.35";"A";"219.34";"A";"219.34";"A";"219.34";"A";"219.32";"A";"219.29";"A";"219.3";"A";"219.29";"A";"219.26";"A";"219.24";"A";"219.2";"A";"219.15";"A"
"1999-12";"213.14";"A";"213.14";"A";"213.07";"A";"213.06";"A";"213.06";"A";"213.06";"A";"213.04";"A";"213.01";"A";"213.02";"A";"213.01";"A";"212.98";"A";"212.97";"A";"212.93";"A";"212.87";"A"
"1999-11";"238.8";"A";"238.79";"A";"238.72";"A";"238.71";"A";"238.71";"A";"238.71";"A";"238.69";"A";"238.66";"A";"238.67";"A";"238.65";"A";"238.62";"A";"238.61";"A";"238.56";"A";"238.5";"A"
"1999-10";"240.66";"A";"240.65";"A";"240.57";"A";"240.56";"A";"240.56";"A";"240.56";"A";"240.54";"A";"240.51";"A";"240.52";"A";"240.5";"A";"240.47";"A";"240.46";"A";"240.41";"A";"240.35";"A"
"1999-09";"237.75";"A";"237.74";"A";"237.67";"A";"237.66";"A";"237.66";"A";"237.65";"A";"237.64";"A";"237.61";"A";"237.61";"A";"237.6";"A";"237.57";"A";"237.55";"A";"237.51";"A";"237.45";"A"
"1999-08";"240.64";"A";"240.63";"A";"240.55";"A";"240.55";"A";"240.55";"A";"240.54";"A";"240.52";"A";"240.49";"A";"240.5";"A";"240.49";"A";"240.46";"A";"240.44";"A";"240.4";"A";"240.33";"A"
"1999-07";"240.35";"A";"240.34";"A";"240.27";"A";"240.26";"A";"240.26";"A";"240.25";"A";"240.24";"A";"240.21";"A";"240.21";"A";"240.2";"A";"240.17";"A";"240.15";"A";"240.11";"A";"240.05";"A"
"1999-06";"237.87";"A";"237.86";"A";"237.78";"A";"237.78";"A";"237.77";"A";"237.77";"A";"237.75";"A";"237.72";"A";"237.73";"A";"237.72";"A";"237.69";"A";"237.67";"A";"237.63";"A";"237.57";"A"
"1999-05";"212.5";"A";"212.49";"A";"212.43";"A";"212.42";"A";"212.42";"A";"212.41";"A";"212.4";"A";"212.37";"A";"212.38";"A";"212.37";"A";"212.34";"A";"212.33";"A";"212.29";"A";"212.23";"A"
"1999-04";"239.12";"A";"239.11";"A";"239.04";"A";"239.03";"A";"239.03";"A";"239.02";"A";"239.01";"A";"238.98";"A";"238.98";"A";"238.97";"A";"238.94";"A";"238.92";"A";"238.88";"A";"238.82";"A"
"1999-03";"245.97";"A";"245.96";"A";"245.88";"A";"245.87";"A";"245.87";"A";"245.87";"A";"245.85";"A";"245.82";"A";"245.82";"A";"245.81";"A";"245.78";"A";"245.76";"A";"245.72";"A";"245.65";"A"
"1999-02";"250.06";"A";"250.05";"A";"249.97";"A";"249.96";"A";"249.96";"A";"249.95";"A";"249.94";"A";"249.9";"A";"249.91";"A";"249.9";"A";"249.87";"A";"249.85";"A";"249.8";"A";"249.74";"A"
"1999-01";"251.15";"A";"251.14";"A";"251.06";"A";"251.05";"A";"251.05";"A";"251.05";"A";"251.03";"A";"251.0";"A";"251.01";"A";"250.99";"A";"250.96";"A";"250.94";"A";"250.9";"A";"250.83";"A"
"1998-12";"254.58";"A";"254.57";"A";"254.49";"A";"254.48";"A";"254.48";"A";"254.48";"A";"254.46";"A";"254.42";"A";"254.43";"A";"254.42";"A";"254.39";"A";"254.37";"A";"254.32";"A";"254.26";"A"
"1998-11";"267.68";"A";"267.67";"A";"267.58";"A";"267.57";"A";"267.57";"A";"267.57";"A";"267.55";"A";"267.51";"A";"267.52";"A";"267.51";"A";"267.48";"A";"267.46";"A";"267.41";"A";"267.34";"A"
"1998-10";"256.31";"A";"256.3";"A";"256.22";"A";"256.21";"A";"256.21";"A";"256.2";"A";"256.19";"A";"256.15";"A";"256.16";"A";"256.15";"A";"256.12";"A";"256.1";"A";"256.05";"A";"255.98";"A"
"1998-09";"258.34";"A";"258.32";"A";"258.24";"A";"258.24";"A";"258.23";"A";"258.23";"A";"258.21";"A";"258.18";"A";"258.19";"A";"258.17";"A";"258.14";"A";"258.12";"A";"258.07";"A";"258.01";"A"
"1998-08";"257.35";"A";"257.34";"A";"257.26";"A";"257.25";"A";"257.25";"A";"257.24";"A";"257.22";"A";"257.19";"A";"257.2";"A";"257.19";"A";"257.15";"A";"257.13";"A";"257.09";"A";"257.02";"A"
"1998-07";"263.36";"A";"263.35";"A";"263.26";"A";"263.25";"A";"263.25";"A";"263.25";"A";"263.23";"A";"263.2";"A";"263.2";"A";"263.19";"A";"263.16";"A";"263.14";"A";"263.09";"A";"263.02";"A"
"1998-06";"259.46";"A";"259.45";"A";"259.37";"A";"259.36";"A";"259.36";"A";"259.35";"A";"259.34";"A";"259.3";"A";"259.31";"A";"259.3";"A";"259.27";"A";"259.25";"A";"259.2";"A";"259.13";"A"
"1998-05";"262.65";"A";"262.64";"A";"262.56";"A";"262.55";"A";"262.55";"A";"262.54";"A";"262.52";"A";"262.49";"A";"262.5";"A";"262.49";"A";"262.45";"A";"262.43";"A";"262.39";"A";"262.32";"A"
"1998-04";"266.77";"A";"266.76";"A";"266.68";"A";"266.67";"A";"266.67";"A";"266.66";"A";"266.64";"A";"266.61";"A";"266.62";"A";"266.6";"A";"266.57";"A";"266.55";"A";"266.5";"A";"266.43";"A"
"1998-03";"270.21";"A";"270.2";"A";"270.12";"A";"270.11";"A";"270.11";"A";"270.1";"A";"270.08";"A";"270.05";"A";"270.06";"A";"270.04";"A";"270.01";"A";"269.99";"A";"269.94";"A";"269.87";"A"
"1998-02";"272.31";"A";"272.29";"A";"272.21";"A";"272.2";"A";"272.2";"A";"272.19";"A";"272.17";"A";"272.14";"A";"272.15";"A";"272.14";"A";"272.1";"A";"272.08";"A";"272.03";"A";"271.96";"A"
"1998-01";"272.34";"A";"272.33";"A";"272.24";"A";"272.23";"A";"272.23";"A";"272.23";"A";"272.21";"A";"272.17";"A";"272.18";"A";"272.17";"A";"272.14";"A";"272.11";"A";"272.06";"A";"271.99";"A"
"1997-12";"277.25";"A";"277.23";"A";"277.15";"A";"277.14";"A";"277.14";"A";"277.13";"A";"277.11";"A";"277.08";"A";"277.08";"A";"277.07";"A";"277.04";"A";"277.02";"A";"276.96";"A";"276.89";"A"
"1997-11";"270.75";"A";"270.74";"A";"270.65";"A";"270.65";"A";"270.64";"A";"270.64";"A";"270.62";"A";"270.59";"A";"270.59";"A";"270.58";"A";"270.55";"A";"270.53";"A";"270.48";"A";"270.41";"A"
"1997-10";"275.08";"A";"275.06";"A";"274.98";"A";"274.97";"A";"274.97";"A";"274.96";"A";"274.94";"A";"274.91";"A";"274.92";"A";"274.9";"A";"274.87";"A";"274.85";"A";"274.8";"A";"274.73";"A"
"1997-09";"272.55";"A";"272.54";"A";"272.45";"A";"272.45";"A";"272.44";"A";"272.44";"A";"272.42";"A";"272.38";"A";"272.39";"A";"272.38";"A";"272.35";"A";"272.32";"A";"272.27";"A";"272.2";"A"
"1997-08";"266.76";"A";"266.75";"A";"266.67";"A";"266.66";"A";"266.66";"A";"266.65";"A";"266.63";"A";"266.6";"A";"266.61";"A";"266.6";"A";"266.56";"A";"266.54";"A";"266.49";"A";"266.42";"A"
"1997-07";"273.64";"A";"273.63";"A";"273.54";"A";"273.53";"A";"273.53";"A";"273.52";"A";"273.5";"A";"273.47";"A";"273.48";"A";"273.47";"A";"273.43";"A";"273.41";"A";"273.36";"A";"273.29";"A"
"1997-06";"264.26";"A";"264.24";"A";"264.16";"A";"264.15";"A";"264.15";"A";"264.15";"A";"264.13";"A";"264.09";"A";"264.1";"A";"264.09";"A";"264.06";"A";"264.04";"A";"263.99";"A";"263.92";"A"
"1997-05";"271.28";"A";"271.27";"A";"271.18";"A";"271.18";"A";"271.17";"A";"271.17";"A";"271.15";"A";"271.11";"A";"271.12";"A";"271.11";"A";"271.08";"A";"271.06";"A";"271.0";"A";"270.94";"A"
"1997-04";"276.37";"A";"276.36";"A";"276.27";"A";"276.27";"A";"276.26";"A";"276.26";"A";"276.24";"A";"276.2";"A";"276.21";"A";"276.2";"A";"276.16";"A";"276.14";"A";"276.09";"A";"276.02";"A"
"1997-03";"276.51";"A";"276.5";"A";"276.41";"A";"276.41";"A";"276.4";"A";"276.4";"A";"276.38";"A";"276.34";"A";"276.35";"A";"276.34";"A";"276.31";"A";"276.28";"A";"276.23";"A";"276.16";"A"
"1997-02";"287.39";"A";"287.38";"A";"287.29";"A";"287.28";"A";"287.28";"A";"287.27";"A";"287.25";"A";"287.21";"A";"287.22";"A";"287.21";"A";"287.17";"A";"287.15";"A";"287.1";"A";"287.03";"A"
"1997-01";"280.41";"A";"280.39";"A";"280.31";"A";"280.3";"A";"280.3";"A";"280.29";"A";"280.27";"A";"280.24";"A";"280.24";"A";"280.23";"A";"280.2";"A";"280.17";"A";"280.12";"A";"280.05";"A"
"1996-12";"286.64";"A";"286.62";"A";"286.53";"A";"286.53";"A";"286.52";"A";"286.52";"A";"286.5";"A";"286.46";"A";"286.47";"A";"286.46";"A";"286.42";"A";"286.4";"A";"286.35";"A";"286.27";"A"
"1996-11";"293.64";"A";"293.63";"A";"293.53";"A";"293.53";"A";"293.52";"A";"293.52";"A";"293.5";"A";"293.46";"A";"293.47";"A";"293.45";"A";"293.42";"A";"293.4";"A";"293.34";"A";"293.27";"A"
"1996-10";"294.92";"A";"294.9";"A";"294.81";"A";"294.8";"A";"294.8";"A";"294.79";"A";"294.77";"A";"294.73";"A";"294.74";"A";"294.73";"A";"294.69";"A";"294.67";"A";"294.62";"A";"294.54";"A"
"1996-09";"306.9";"A";"306.89";"A";"306.79";"A";"306.79";"A";"306.78";"A";"306.78";"A";"306.76";"A";"306.72";"A";"306.73";"A";"306.71";"A";"306.67";"A";"306.65";"A";"306.59";"A";"306.51";"A"
"1996-08";"321.23";"A";"321.21";"A";"321.11";"A";"321.1";"A";"321.1";"A";"321.09";"A";"321.07";"A";"321.03";"A";"321.04";"A";"321.03";"A";"320.99";"A";"320.96";"A";"320.9";"A";"320.82";"A"
"1996-07";"326.45";"A";"326.43";"A";"326.33";"A";"326.32";"A";"326.32";"A";"326.31";"A";"326.29";"A";"326.25";"A";"326.26";"A";"326.24";"A";"326.2";"A";"326.17";"A";"326.11";"A";"326.03";"A"
"1996-06";"331.28";"A";"331.26";"A";"331.16";"A";"331.15";"A";"331.15";"A";"331.14";"A";"331.12";"A";"331.08";"A";"331.09";"A";"331.07";"A";"331.03";"A";"331.0";"A";"330.94";"A";"330.86";"A"
"1996-05";"338.47";"A";"338.45";"A";"338.35";"A";"338.34";"A";"338.33";"A";"338.33";"A";"338.3";"A";"338.26";"A";"338.27";"A";"338.25";"A";"338.21";"A";"338.19";"A";"338.12";"A";"338.04";"A"
"1996-04";"346.19";"A";"346.18";"A";"346.07";"A";"346.06";"A";"346.05";"A";"346.05";"A";"346.02";"A";"345.98";"A";"345.99";"A";"345.97";"A";"345.93";"A";"345.9";"A";"345.84";"A";"345.75";"A"
"1996-03";"343.23";"A";"343.21";"A";"343.1";"A";"343.09";"A";"343.09";"A";"343.08";"A";"343.06";"A";"343.01";"A";"343.03";"A";"343.01";"A";"342.97";"A";"342.94";"A";"342.88";"A";"342.79";"A"
"1996-02";"339.55";"A";"339.53";"A";"339.42";"A";"339.42";"A";"339.41";"A";"339.41";"A";"339.38";"A";"339.34";"A";"339.35";"A";"339.33";"A";"339.29";"A";"339.26";"A";"339.2";"A";"339.11";"A"
"1996-01";"363.26";"A";"363.25";"A";"363.13";"A";"363.12";"A";"363.12";"A";"363.11";"A";"363.09";"A";"363.04";"A";"363.05";"A";"363.04";"A";"362.99";"A";"362.96";"A";"362.89";"A";"362.8";"A"
"1995-12";"360.72";"A";"360.71";"A";"360.59";"A";"360.58";"A";"360.58";"A";"360.57";"A";"360.55";"A";"360.5";"A";"360.51";"A";"360.49";"A";"360.45";"A";"360.42";"A";"360.35";"A";"360.26";"A"
"1995-11";"407.01";"A";"407.0";"A";"406.87";"A";"406.86";"A";"406.85";"A";"406.85";"A";"406.82";"A";"406.76";"A";"406.78";"A";"406.76";"A";"406.71";"A";"406.68";"A";"406.6";"A";"406.5";"A"
"1995-10";"379.7";"A";"379.68";"A";"379.56";"A";"379.55";"A";"379.55";"A";"379.54";"A";"379.51";"A";"379.47";"A";"379.48";"A";"379.46";"A";"379.41";"A";"379.38";"A";"379.31";"A";"379.22";"A"
"1995-09";"375.91";"A";"375.89";"A";"375.78";"A";"375.77";"A";"375.76";"A";"375.75";"A";"375.73";"A";"375.68";"A";"375.69";"A";"375.67";"A";"375.63";"A";"375.6";"A";"375.53";"A";"375.43";"A"
"1995-08";"382.71";"A";"382.69";"A";"382.57";"A";"382.56";"A";"382.56";"A";"382.55";"A";"382.52";"A";"382.47";"A";"382.48";"A";"382.47";"A";"382.42";"A";"382.39";"A";"382.32";"A";"382.22";"A"
"1995-07";"378.21";"A";"378.19";"A";"378.07";"A";"378.06";"A";"378.06";"A";"378.05";"A";"378.02";"A";"377.97";"A";"377.99";"A";"377.97";"A";"377.92";"A";"377.89";"A";"377.82";"A";"377.73";"A"
"1995-06";"391.43";"A";"391.41";"A";"391.29";"A";"391.28";"A";"391.27";"A";"391.27";"A";"391.24";"A";"391.19";"A";"391.2";"A";"391.18";"A";"391.13";"A";"391.1";"A";"391.03";"A";"390.93";"A"
"1995-05";"388.39";"A";"388.37";"A";"388.25";"A";"388.24";"A";"388.24";"A";"388.23";"A";"388.2";"A";"388.15";"A";"388.17";"A";"388.15";"A";"388.1";"A";"388.07";"A";"388.0";"A";"387.9";"A"
"1995-04";"385.62";"A";"385.6";"A";"385.48";"A";"385.47";"A";"385.47";"A";"385.46";"A";"385.43";"A";"385.38";"A";"385.4";"A";"385.38";"A";"385.33";"A";"385.3";"A";"385.23";"A";"385.13";"A"
"1995-03";"396.5";"A";"396.48";"A";"396.36";"A";"396.35";"A";"396.34";"A";"396.34";"A";"396.31";"A";"396.26";"A";"396.27";"A";"396.25";"A";"396.2";"A";"396.17";"A";"396.1";"A";"396.0";"A"
"1995-02";"389.31";"A";"389.29";"A";"389.17";"A";"389.16";"A";"389.15";"A";"389.14";"A";"389.12";"A";"389.07";"A";"389.08";"A";"389.06";"A";"389.01";"A";"388.98";"A";"388.91";"A";"388.81";"A"
"1995-01";"390.74";"A";"390.72";"A";"390.6";"A";"390.59";"A";"390.58";"A";"390.58";"A";"390.55";"A";"390.5";"A";"390.51";"A";"390.49";"A";"390.44";"A";"390.41";"A";"390.34";"A";"390.24";"A"
"1994-12";"399.24";"A";"399.22";"A";"399.1";"A";"399.08";"A";"399.08";"A";"399.07";"A";"399.04";"A";"398.99";"A";"399.01";"A";"398.99";"A";"398.94";"A";"398.91";"A";"398.83";"A";"398.73";"A"
"1994-11";"408.41";"A";"408.39";"A";"408.26";"A";"408.25";"A";"408.25";"A";"408.24";"A";"408.21";"A";"408.16";"A";"408.17";"A";"408.15";"A";"408.1";"A";"408.07";"A";"407.99";"A";"407.89";"A"
"1994-10";"409.92";"A";"409.9";"A";"409.77";"A";"409.76";"A";"409.76";"A";"409.75";"A";"409.72";"A";"409.67";"A";"409.68";"A";"409.66";"A";"409.61";"A";"409.58";"A";"409.5";"A";"409.4";"A"
"1994-09";"425.53";"A";"425.51";"A";"425.38";"A";"425.37";"A";"425.36";"A";"425.35";"A";"425.32";"A";"425.27";"A";"425.28";"A";"425.26";"A";"425.21";"A";"425.18";"A";"425.1";"A";"424.99";"A"
"1994-08";"423.96";"A";"423.94";"A";"423.81";"A";"423.8";"A";"423.79";"A";"423.78";"A";"423.75";"A";"423.7";"A";"423.71";"A";"423.69";"A";"423.64";"A";"423.61";"A";"423.53";"A";"423.42";"A"
"1994-07";"424.4";"A";"424.38";"A";"424.25";"A";"424.24";"A";"424.23";"A";"424.22";"A";"424.19";"A";"424.14";"A";"424.15";"A";"424.13";"A";"424.08";"A";"424.05";"A";"423.97";"A";"423.86";"A"
"1994-06";"439.81";"A";"439.79";"A";"439.66";"A";"439.64";"A";"439.64";"A";"439.63";"A";"439.6";"A";"439.54";"A";"439.56";"A";"439.54";"A";"439.48";"A";"439.45";"A";"439.37";"A";"439.26";"A"
"1994-05";"430.83";"A";"430.81";"A";"430.68";"A";"430.67";"A";"430.66";"A";"430.65";"A";"430.62";"A";"430.57";"A";"430.58";"A";"430.56";"A";"430.51";"A";"430.48";"A";"430.4";"A";"430.29";"A"
"1994-04";"432.04";"A";"432.02";"A";"431.89";"A";"431.88";"A";"431.87";"A";"431.86";"A";"431.83";"A";"431.78";"A";"431.79";"A";"431.77";"A";"431.72";"A";"431.68";"A";"431.6";"A";"431.49";"A"
"1994-03";"439.62";"A";"439.6";"A";"439.46";"A";"439.45";"A";"439.45";"A";"439.44";"A";"439.41";"A";"439.35";"A";"439.36";"A";"439.34";"A";"439.29";"A";"439.26";"A";"439.17";"A";"439.06";"A"
"1994-02";"440.65";"A";"440.63";"A";"440.49";"A";"440.48";"A";"440.48";"A";"440.47";"A";"440.44";"A";"440.38";"A";"440.39";"A";"440.37";"A";"440.32";"A";"440.29";"A";"440.2";"A";"440.09";"A"
"1994-01";"447.22";"A";"447.2";"A";"447.06";"A";"447.04";"A";"447.04";"A";"447.03";"A";"447.0";"A";"446.94";"A";"446.96";"A";"446.94";"A";"446.88";"A";"446.85";"A";"446.76";"A";"446.65";"A"
"1993-12";"454.81";"A";"454.79";"A";"454.65";"A";"454.63";"A";"454.63";"A";"454.62";"A";"454.59";"A";"454.53";"A";"454.55";"A";"454.52";"A";"454.47";"A";"454.43";"A";"454.35";"A";"454.23";"A"
"1993-11";"440.95";"A";"440.93";"A";"440.79";"A";"440.78";"A";"440.78";"A";"440.77";"A";"440.74";"A";"440.68";"A";"440.7";"A";"440.68";"A";"440.62";"A";"440.59";"A";"440.5";"A";"440.39";"A"
"1993-10";"427.81";"A";"427.79";"A";"427.66";"A";"427.65";"A";"427.64";"A";"427.63";"A";"427.6";"A";"427.55";"A";"427.56";"A";"427.54";"A";"427.49";"A";"427.46";"A";"427.38";"A";"427.27";"A"
"1993-09";"412.48";"A";"412.47";"A";"412.34";"A";"412.33";"A";"412.32";"A";"412.31";"A";"412.28";"A";"412.23";"A";"412.24";"A";"412.23";"A";"412.17";"A";"412.14";"A";"412.07";"A";"411.96";"A"
"1993-08";"407.5";"A";"407.48";"A";"407.36";"A";"407.34";"A";"407.34";"A";"407.33";"A";"407.3";"A";"407.25";"A";"407.27";"A";"407.25";"A";"407.2";"A";"407.16";"A";"407.09";"A";"406.98";"A"
"1993-07";"414.72";"A";"414.71";"A";"414.57";"A";"414.56";"A";"414.56";"A";"414.55";"A";"414.52";"A";"414.47";"A";"414.48";"A";"414.46";"A";"414.41";"A";"414.38";"A";"414.3";"A";"414.2";"A"
"1993-06";"412.9";"A";"412.88";"A";"412.75";"A";"412.74";"A";"412.74";"A";"412.73";"A";"412.7";"A";"412.65";"A";"412.66";"A";"412.64";"A";"412.59";"A";"412.56";"A";"412.48";"A";"412.38";"A"
"1993-05";"420.15";"A";"420.14";"A";"420.0";"A";"419.99";"A";"419.99";"A";"419.98";"A";"419.95";"A";"419.9";"A";"419.91";"A";"419.89";"A";"419.84";"A";"419.81";"A";"419.73";"A";"419.62";"A"
"1993-04";"430.99";"A";"430.97";"A";"430.83";"A";"430.82";"A";"430.82";"A";"430.81";"A";"430.78";"A";"430.72";"A";"430.74";"A";"430.72";"A";"430.66";"A";"430.63";"A";"430.55";"A";"430.44";"A"
"1993-03";"418.11";"A";"418.09";"A";"417.96";"A";"417.95";"A";"417.94";"A";"417.93";"A";"417.9";"A";"417.85";"A";"417.86";"A";"417.85";"A";"417.79";"A";"417.76";"A";"417.68";"A";"417.58";"A"
"1993-02";"430.81";"A";"430.79";"A";"430.66";"A";"430.65";"A";"430.64";"A";"430.63";"A";"430.6";"A";"430.55";"A";"430.56";"A";"430.54";"A";"430.49";"A";"430.45";"A";"430.37";"A";"430.26";"A"
"1993-01";"422.26";"A";"422.24";"A";"422.11";"A";"422.1";"A";"422.09";"A";"422.08";"A";"422.05";"A";"422.0";"A";"422.01";"A";"421.99";"A";"421.94";"A";"421.91";"A";"421.83";"A";"421.72";"A"
"1992-12";"421.28";"A";"421.26";"A";"421.13";"A";"421.12";"A";"421.11";"A";"421.11";"A";"421.08";"A";"421.02";"A";"421.04";"A";"421.02";"A";"420.96";"A";"420.93";"A";"420.85";"A";"420.75";"A"
"1992-11";"418.92";"A";"418.91";"A";"418.77";"A";"418.76";"A";"418.76";"A";"418.75";"A";"418.72";"A";"418.67";"A";"418.68";"A";"418.66";"A";"418.61";"A";"418.58";"A";"418.5";"A";"418.39";"A"
"1992-10";"417.5";"A";"417.48";"A";"417.35";"A";"417.34";"A";"417.34";"A";"417.33";"A";"417.3";"A";"417.25";"A";"417.26";"A";"417.24";"A";"417.19";"A";"417.16";"A";"417.08";"A";"416.97";"A"
"1992-09";"430.8";"A";"430.78";"A";"430.65";"A";"430.63";"A";"430.63";"A";"430.62";"A";"430.59";"A";"430.54";"A";"430.55";"A";"430.53";"A";"430.48";"A";"430.44";"A";"430.36";"A";"430.25";"A"
"1992-08";"439.56";"A";"439.54";"A";"439.4";"A";"439.39";"A";"439.39";"A";"439.38";"A";"439.35";"A";"439.29";"A";"439.3";"A";"439.28";"A";"439.23";"A";"439.2";"A";"439.11";"A";"439.0";"A"
"1992-07";"449.62";"A";"449.6";"A";"449.46";"A";"449.45";"A";"449.45";"A";"449.44";"A";"449.4";"A";"449.35";"A";"449.36";"A";"449.34";"A";"449.29";"A";"449.25";"A";"449.17";"A";"449.05";"A"
"1992-06";"443.75";"A";"443.73";"A";"443.59";"A";"443.58";"A";"443.57";"A";"443.56";"A";"443.53";"A";"443.48";"A";"443.49";"A";"443.47";"A";"443.41";"A";"443.38";"A";"443.3";"A";"443.18";"A"
"1992-05";"449.57";"A";"449.55";"A";"449.4";"A";"449.39";"A";"449.39";"A";"449.38";"A";"449.35";"A";"449.29";"A";"449.3";"A";"449.28";"A";"449.23";"A";"449.19";"A";"449.11";"A";"448.99";"A"
"1992-04";"454.37";"A";"454.35";"A";"454.2";"A";"454.19";"A";"454.19";"A";"454.18";"A";"454.15";"A";"454.09";"A";"454.1";"A";"454.08";"A";"454.03";"A";"453.99";"A";"453.91";"A";"453.79";"A"
"1992-03";"455.9";"A";"455.88";"A";"455.74";"A";"455.72";"A";"455.72";"A";"455.71";"A";"455.68";"A";"455.62";"A";"455.64";"A";"455.61";"A";"455.56";"A";"455.52";"A";"455.44";"A";"455.32";"A"
"1992-02";"455.77";"A";"455.75";"A";"455.61";"A";"455.6";"A";"455.59";"A";"455.58";"A";"455.55";"A";"455.49";"A";"455.51";"A";"455.49";"A";"455.43";"A";"455.39";"A";"455.31";"A";"455.19";"A"
"1992-01";"450.07";"A";"450.05";"A";"449.91";"A";"449.89";"A";"449.89";"A";"449.88";"A";"449.85";"A";"449.79";"A";"449.81";"A";"449.79";"A";"449.73";"A";"449.69";"A";"449.61";"A";"449.5";"A"
"1991-12";"454.51";"A";"454.49";"A";"454.35";"A";"454.33";"A";"454.33";"A";"454.32";"A";"454.29";"A";"454.23";"A";"454.24";"A";"454.22";"A";"454.17";"A";"454.13";"A";"454.05";"A";"453.93";"A"
"1991-11";"454.91";"A";"454.89";"A";"454.75";"A";"454.74";"A";"454.73";"A";"454.72";"A";"454.69";"A";"454.63";"A";"454.65";"A";"454.63";"A";"454.57";"A";"454.53";"A";"454.45";"A";"454.33";"A"
"1991-10";"460.94";"A";"460.92";"A";"460.78";"A";"460.77";"A";"460.76";"A";"460.75";"A";"460.72";"A";"460.66";"A";"460.68";"A";"460.65";"A";"460.6";"A";"460.56";"A";"460.48";"A";"460.36";"A"
"1991-09";"458.68";"A";"458.66";"A";"458.51";"A";"458.5";"A";"458.5";"A";"458.49";"A";"458.45";"A";"458.4";"A";"458.41";"A";"458.39";"A";"458.33";"A";"458.3";"A";"458.21";"A";"458.09";"A"
"1991-08";"456.99";"A";"456.97";"A";"456.83";"A";"456.82";"A";"456.81";"A";"456.8";"A";"456.77";"A";"456.71";"A";"456.73";"A";"456.71";"A";"456.65";"A";"456.61";"A";"456.53";"A";"456.41";"A"
"1991-07";"451.5";"A";"451.48";"A";"451.33";"A";"451.32";"A";"451.32";"A";"451.31";"A";"451.28";"A";"451.22";"A";"451.23";"A";"451.21";"A";"451.16";"A";"451.12";"A";"451.04";"A";"450.92";"A"
"1991-06";"458.61";"A";"458.59";"A";"458.45";"A";"458.43";"A";"458.43";"A";"458.42";"A";"458.39";"A";"458.33";"A";"458.34";"A";"458.32";"A";"458.27";"A";"458.23";"A";"458.14";"A";"458.03";"A"
"1991-05";"456.69";"A";"456.67";"A";"456.53";"A";"456.52";"A";"456.51";"A";"456.5";"A";"456.47";"A";"456.41";"A";"456.43";"A";"456.41";"A";"456.35";"A";"456.31";"A";"456.23";"A";"456.11";"A"
"1991-04";"452.25";"A";"452.23";"A";"452.09";"A";"452.07";"A";"452.07";"A";"452.06";"A";"452.03";"A";"451.97";"A";"451.99";"A";"451.96";"A";"451.91";"A";"451.87";"A";"451.79";"A";"451.67";"A"
"1991-03";"448.45";"A";"448.43";"A";"448.29";"A";"448.28";"A";"448.27";"A";"448.26";"A";"448.23";"A";"448.17";"A";"448.19";"A";"448.17";"A";"448.11";"A";"448.08";"A";"447.99";"A";"447.88";"A"
"1991-02";"447.06";"A";"447.04";"A";"446.9";"A";"446.88";"A";"446.88";"A";"446.87";"A";"446.84";"A";"446.78";"A";"446.8";"A";"446.78";"A";"446.72";"A";"446.69";"A";"446.6";"A";"446.49";"A"
"1991-01";"452.12";"A";"452.1";"A";"451.95";"A";"451.94";"A";"451.94";"A";"451.93";"A";"451.9";"A";"451.84";"A";"451.85";"A";"451.83";"A";"451.78";"A";"451.74";"A";"451.66";"A";"451.54";"A"
"1990-12";"458.87";"A";"458.85";"A";"458.7";"A";"458.69";"A";"458.69";"A";"458.68";"A";"458.65";"A";"458.59";"A";"458.6";"A";"458.58";"A";"458.52";"A";"458.49";"A";"458.4";"A";"458.29";"A"
"1990-11";"462.47";"A";"462.45";"A";"462.31";"A";"462.3";"A";"462.29";"A";"462.28";"A";"462.25";"A";"462.19";"A";"462.2";"A";"462.18";"A";"462.13";"A";"462.09";"A";"462.0";"A";"461.89";"A"
"1990-10";"465.58";"A";"465.56";"A";"465.41";"A";"465.4";"A";"465.39";"A";"465.38";"A";"465.35";"A";"465.29";"A";"465.31";"A";"465.29";"A";"465.23";"A";"465.19";"A";"465.1";"A";"464.99";"A"
"1990-09";"465.55";"A";"465.53";"A";"465.38";"A";"465.37";"A";"465.36";"A";"465.35";"A";"465.32";"A";"465.26";"A";"465.28";"A";"465.25";"A";"465.2";"A";"465.16";"A";"465.07";"A";"464.96";"A"
"1990-08";"462.88";"A";"462.86";"A";"462.71";"A";"462.7";"A";"462.7";"A";"462.69";"A";"462.66";"A";"462.6";"A";"462.61";"A";"462.59";"A";"462.53";"A";"462.5";"A";"462.41";"A";"462.29";"A"
"1990-07";"390.67";"A";"390.65";"A";"390.53";"A";"390.52";"A";"390.52";"A";"390.51";"A";"390.48";"A";"390.43";"A";"390.44";"A";"390.42";"A";"390.38";"A";"390.35";"A";"390.27";"A";"390.17";"A"
"1990-06";"459.35";"A";"459.33";"A";"459.18";"A";"459.17";"A";"459.16";"A";"459.16";"A";"459.12";"A";"459.06";"A";"459.08";"A";"459.06";"A";"459.0";"A";"458.96";"A";"458.88";"A";"458.76";"A"
"1990-05";"462.82";"A";"462.8";"A";"462.66";"A";"462.64";"A";"462.64";"A";"462.63";"A";"462.6";"A";"462.54";"A";"462.55";"A";"462.53";"A";"462.47";"A";"462.44";"A";"462.35";"A";"462.24";"A"
"1990-04";"473.84";"A";"473.82";"A";"473.67";"A";"473.66";"A";"473.66";"A";"473.65";"A";"473.61";"A";"473.55";"A";"473.57";"A";"473.54";"A";"473.49";"A";"473.45";"A";"473.36";"A";"473.24";"A"
"1990-03";"497.98";"A";"497.96";"A";"497.81";"A";"497.79";"A";"497.79";"A";"497.78";"A";"497.74";"A";"497.68";"A";"497.69";"A";"497.67";"A";"497.61";"A";"497.57";"A";"497.48";"A";"497.35";"A"
"1990-02";"489.66";"A";"489.64";"A";"489.49";"A";"489.47";"A";"489.47";"A";"489.46";"A";"489.42";"A";"489.36";"A";"489.38";"A";"489.35";"A";"489.29";"A";"489.26";"A";"489.17";"A";"489.04";"A"
"1990-01";"503.94";"A";"503.92";"A";"503.76";"A";"503.74";"A";"503.74";"A";"503.73";"A";"503.69";"A";"503.63";"A";"503.64";"A";"503.62";"A";"503.56";"A";"503.52";"A";"503.43";"A";"503.3";"A"
